Image File,Class,Vertices,Faces,Shape,Area,Volume,Avarage Area per Face,Min Facets Area,Max Facets Area,Avarage Facets Area,Length of AABB,Width of AABB,Height of AABB,Is volume,Is watertight
61.off,Airplane,5400,10796,3,0.49607808126664465,0.00969452776621919,0.0001774145713378573,0.00021297608994870254,0.02307552606714628,0.0005696722031613642,1.076672,1.964948,0.331236,True,True
62.off,Airplane,5619,11234,3,0.5559322401285891,0.014628120181597055,0.00018423458266475482,0.0001512043966459387,0.04524400229937843,0.00083494502587693,1.6124580000000002,0.445411,1.929487,True,True
63.off,Airplane,5519,11034,3,0.5433903177538596,0.013253980793915812,0.0001959060591582467,0.0001105395587331698,0.04263700602207255,0.0014028676927282935,1.994502,0.40212899999999996,1.698099,True,True
64.off,Airplane,6797,13590,3,0.6736079305397706,0.016020939061682702,0.0001677430178028169,0.00018871344592224061,0.021122260623687408,0.0005027518998611428,1.5399159999999998,1.839621,0.490835,True,True
65.off,Airplane,6448,12892,3,0.6257567515266669,0.013069417003979046,0.00014430175448536419,0.00011031438626010192,0.005797190369450401,0.0003811243327544872,1.694166,1.7242220000000001,0.362287,True,True
66.off,Airplane,7739,15474,3,0.7512884199455241,0.01278256260464072,0.00013752286606733666,0.00017200478970095777,0.16137544509414203,0.0014673217150979068,1.683005,1.476191,0.32289,True,True
67.off,Airplane,7651,15298,3,0.7929116934805047,0.018819366346198865,0.00016194516252282374,0.0001967416460779335,0.09325648780240778,0.0010392390524281761,1.76762,1.624479,0.47075599999999995,True,True
68.off,Airplane,5583,11162,3,0.5472781105553676,0.009803888711630541,0.00015448672132883999,0.00014330549032107783,0.009245914259791344,0.0006119124545479731,1.405503,1.775058,0.39827999999999997,True,True
69.off,Airplane,6701,13398,3,0.6240545639198075,0.012570817149828155,0.00016791812582449327,0.00016526360634515412,0.10253454327153393,0.0010784548720867261,1.420377,1.898705,0.377684,True,True
70.off,Airplane,5631,11258,3,0.5155519245004837,0.007622164319382208,0.00018033776178630716,6.604154393181391e-05,0.12062118620826999,0.001131018936839777,1.187878,1.984439,0.42201900000000003,True,True
71.off,Airplane,5849,11694,3,0.5563609868167567,0.011234043710240863,0.00018621673712598442,0.0001866554709057871,0.020107998023119404,0.0008914337532593214,1.610512,1.978393,0.436425,True,True
72.off,Airplane,5228,10452,3,0.4906934112751965,0.00854251806207826,0.0001838552684886365,0.0001926619124505056,0.017460327269536877,0.0007774293034016564,1.4481030000000001,1.9789400000000001,0.378147,True,True
73.off,Airplane,5109,10214,3,0.4825828755444225,0.008681344001135979,0.00018099253746920347,0.0001596882810965203,0.05037190346813692,0.0007912704805571976,1.579171,1.957232,0.39529800000000004,True,True
74.off,Airplane,5044,10084,3,0.4823995360319843,0.009758241357929626,0.0001834277636609384,4.660407203087629e-05,0.048876349083335685,0.0010398277092224643,1.3626960000000001,1.958148,0.393675,True,True
75.off,Airplane,8679,17354,3,0.8486794184595918,0.018498187548285132,0.0001495531477839413,5.2801110843013924e-05,0.03800164846963435,0.0006247975882784395,1.748742,1.6731980000000002,0.283657,True,True
76.off,Airplane,5923,11842,3,0.593325392175342,0.014670101169384768,0.00016838602843811192,0.0001937412858377082,0.02416087255755894,0.0011417314259766342,1.833239,1.475664,0.454581,True,True
77.off,Airplane,6587,13170,3,0.6433344322648618,0.013748521792368833,0.00015593080939349716,0.00015660470870701042,0.018761477415640687,0.0006695979782812857,1.747579,0.45136899999999996,1.786654,True,True
78.off,Airplane,7470,14936,3,0.7228394484212236,0.014264844181148182,0.00016110431695868293,0.0001433053644425125,0.04506861358810828,0.0008283960658271291,1.824525,1.808016,0.603638,True,True
79.off,Airplane,6689,13374,3,0.6317916798805202,0.011375228985274443,0.00018002182512440106,0.00016437761313665522,0.04106861417668135,0.0008735313622519365,1.576664,1.952119,0.568253,True,True
80.off,Airplane,7351,14698,3,0.6910135065358501,0.012954347808640142,0.00017379014419573736,0.00018542695416819206,0.03937059501071123,0.0008485069664178254,1.548375,1.922642,0.53776,True,True
100.off,Ant,8064,16124,3,0.8371121107922661,0.019117533913933265,0.0001467634097443924,4.656363076194278e-05,0.010880931075125565,0.0003520902734060556,0.756189,1.681332,1.0714860000000002,True,True
81.off,Ant,6370,12736,3,0.6544017319243581,0.01554023176480215,0.00017080403158106552,0.000123217705836547,0.010110755198930727,0.0004197167267624105,0.9040250000000001,1.823238,0.725729,True,True
82.off,Ant,8299,16594,3,0.8746028682384955,0.02438140072528728,0.00016744046143240613,0.00015246255007457223,0.016218308619974656,0.0004145884178170597,1.1060860000000001,1.7823799999999999,0.9736750000000001,True,True
83.off,Ant,6376,12748,3,0.6654491735164786,0.016459684484921782,0.00018267545555818333,0.0001762640124888785,0.014504276638887871,0.0004578680291996799,1.099426,1.870698,0.613919,True,True
84.off,Ant,6850,13696,3,0.7231836446733391,0.01679533542380136,0.00016176878414693322,0.00016486889082246552,0.004340060820010968,0.0003626371269933792,0.86687,1.75033,0.947641,True,True
85.off,Ant,8388,16772,3,0.8786625361759219,0.023245871640743352,0.0001603539075108067,0.00010168909957753278,0.008336819202871082,0.00038986348596329115,1.092875,1.749529,0.609625,True,True
86.off,Ant,7038,14072,3,0.7333222167333656,0.020153185728083427,0.000173814922516293,0.0001277906167542591,0.004743394096011466,0.0003914730302638145,0.640765,1.826308,0.8355410000000001,True,True
87.off,Ant,7470,14936,3,0.7878731677476786,0.022493975625204544,0.00017834919593503914,0.00016748380774118103,0.015398196263786289,0.00042369830643421846,1.227999,1.838758,0.855512,True,True
88.off,Ant,8210,16416,3,0.8543555393745764,0.02303750714989344,0.00017344683267155007,0.0001275102892297652,0.020572633486682763,0.0004411520813635679,1.510853,1.825566,1.0131510000000001,True,True
89.off,Ant,7654,15304,3,0.7891692624263555,0.01757357074891144,0.00016868638557029553,0.0001592215984798809,0.006209337268245637,0.0003951328112613959,1.026235,1.808662,0.63835,True,True
90.off,Ant,7877,15750,3,0.8273438873311523,0.02163487486624219,0.00017124003216159922,0.0001220705680387063,0.014717381399339181,0.00042669779425163096,1.1211799999999998,1.80551,0.8423339999999999,True,True
91.off,Ant,8640,17276,3,0.91271292907439,0.026213563008731053,0.0001661243877622889,0.00014613657464458655,0.011104529083675678,0.00040087033954812904,1.1644670000000001,1.773255,0.8987499999999999,True,True
92.off,Ant,5867,11730,3,0.6008683731054512,0.014633105605111127,0.00018666198484079853,0.0001712932277447561,0.02757371270858867,0.0005247168978987718,0.9587129999999999,1.908918,0.574583,True,True
93.off,Ant,8216,16432,3,0.8435762829719763,0.0247691185191138,0.00017341764570285475,0.00011579446205043411,0.024410012580810336,0.00045548881235824305,1.5417800000000002,1.837933,0.715852,True,True
94.off,Ant,7236,14468,3,0.7658321643849805,0.016428478490834876,0.0001573713142247238,0.00014412447092439454,0.005842585708237589,0.00034875507213107245,1.72425,0.6209089999999999,1.493579,True,True
95.off,Ant,7355,14706,3,0.7737173274394082,0.021617259610951834,0.00016630389511848893,0.00017197700681602585,0.013310907024165776,0.00041664733444681423,1.180749,1.7779,0.48246100000000003,True,True
96.off,Ant,8504,17004,3,0.9006038832031583,0.02123702747284904,0.00015239317334232293,0.00012891302708826436,0.0028324279642222335,0.0003402249000666417,1.383583,1.696256,0.734445,True,True
97.off,Ant,8167,16330,3,0.8556546180676192,0.019910445507777815,0.00015375457739824413,0.00013479436860540204,0.004441846432835718,0.00035719065821313863,1.05236,1.713002,0.396162,True,True
98.off,Ant,6154,12304,3,0.6438316344041961,0.017139715914515914,0.00018828681071999165,0.0001770298494883427,0.008690465651699637,0.00045220532532691695,0.838152,1.896911,0.810004,True,True
99.off,Ant,6881,13758,3,0.7222125127480293,0.015196799570917068,0.0001612133397054995,0.0001522272400495821,0.020967351802754983,0.0004041465126509015,1.2611020000000002,1.75245,0.764711,True,True
281.off,Armadillo,25273,50542,3,1.7271789834717106,0.07724828820454245,6.021448560301133e-05,1.2918799098939574e-05,0.00044981657180809606,0.0001280614436755603,1.249404,1.327419,1.130258,True,True
282.off,Armadillo,24473,48942,3,1.2531951538802204,0.04720081318395371,6.720454674903431e-05,1.0326982263307177e-05,0.0004025402762682515,0.00014329600317387263,0.849885,1.620059,0.977798,True,True
283.off,Armadillo,24484,48964,3,0.739408207136085,0.020159788133350853,5.3298710290476104e-05,3.441628029953413e-06,0.00031278480718095384,0.00011379698652106242,0.888143,1.878688,0.933678,True,True
284.off,Armadillo,25494,50984,3,1.6458012904138957,0.07239560661447422,6.685853007926105e-05,7.750396061602945e-08,0.0005412784643704032,0.00014340509917766636,1.157804,1.439152,1.397401,True,True
285.off,Armadillo,25193,50382,3,1.5866088515987862,0.06670376189324176,7.569835998878255e-05,5.751324861225287e-06,0.0005555027847822,0.00016225491117336592,1.033773,1.550408,1.4301650000000001,True,True
286.off,Armadillo,25108,50212,3,2.550898398393623,0.12885251105141637,9.116649754743522e-05,5.4755975969417086e-05,0.0018410557898882014,0.0001938241045493799,1.339599,1.321469,1.315772,True,True
287.off,Armadillo,25491,50978,3,1.930048596476001,0.08616043257874377,8.37039693598181e-05,1.8068419062779833e-07,0.0006557981909660969,0.00018016464038957412,1.315312,1.486895,1.4448750000000001,True,True
288.off,Armadillo,20000,39996,3,2.0455056882563145,0.09670486260002631,0.00010997645022073494,0.00012757237824394518,0.001003396737671124,0.0002294653575467763,1.463016,1.466418,1.399389,True,True
289.off,Armadillo,25211,50418,3,1.1268093736785354,0.038436452609706094,7.202804788055797e-05,1.2498003481837643e-05,0.0004885455916905686,0.0001514883372107534,1.795223,1.513468,1.4643410000000001,True,True
290.off,Armadillo,25431,50858,3,1.3450219884050982,0.0466282137362323,5.5954597518356875e-05,5.197567818554907e-07,0.00037478032056092255,0.00012270113562326315,1.075037,1.454564,1.20179,True,True
291.off,Armadillo,24615,49226,3,1.1404778786433576,0.04205929094690114,8.25182113807013e-05,3.8143382477895923e-07,0.0015366487253397907,0.00017344806922070646,0.934679,1.887247,0.90602,True,True
292.off,Armadillo,21774,43544,3,1.7435738240374588,0.08249758523869928,7.033113471047787e-05,1.1389767271206682e-05,0.0006707859670455631,0.00015750829116966474,1.280637,1.3253110000000001,1.165947,True,True
293.off,Armadillo,15000,29996,3,1.1897680221547273,0.04677359467628689,0.00010499631399914726,0.00011464614206319809,0.0006270053164625345,0.00022778552678536133,0.853578,1.627,0.981799,True,True
294.off,Armadillo,16501,32998,3,0.6825012988933904,0.01907550240899383,7.08765176344852e-05,2.1930116288152493e-05,0.0012435042878736317,0.00016847463148890996,0.690485,1.851157,0.919986,True,True
295.off,Armadillo,16780,33556,3,1.3711825305086756,0.06433463241690258,8.040616628962651e-05,3.223262144795746e-05,0.0007705812645992871,0.00018449820267514707,1.128523,1.4027560000000001,1.130823,True,True
296.off,Armadillo,15832,31660,3,1.4012371931646244,0.06245636573716096,0.00011286504292840181,5.637828212797713e-05,0.001182166635821113,0.00026022108836584116,0.8763099999999999,1.596906,1.277566,True,True
297.off,Armadillo,15315,30626,3,2.1830052625461764,0.11789872371035087,0.00013405410808094034,2.5549964993940118e-05,0.0013600467015863083,0.0003108231173108931,1.3713799999999998,1.1370779999999998,1.310994,True,True
298.off,Armadillo,15000,29996,3,1.806509919200718,0.08410147927083504,0.00013415247873974483,0.00010987263342536547,0.00108423241045311,0.0002932068858199603,1.3213430000000002,1.492488,1.3876140000000001,True,True
299.off,Armadillo,17117,34230,3,1.912098452529377,0.09326931812159502,0.00012223178614281674,3.825156552406574e-06,0.0013725008476955125,0.00029212028738356767,1.4695939999999998,1.4792459999999998,1.412378,True,True
300.off,Armadillo,17453,34902,3,1.0654869487044776,0.037784149725384755,9.659225291474495e-05,8.49254599267779e-06,0.0011269537338066927,0.00022112988949051066,1.77878,1.438825,1.450929,True,True
341.off,Bearing,1663,3322,3,0.7551210603663662,0.03231726317146995,0.000539620743849985,0.0009243977141630709,0.13026724677900003,0.01148760926289057,0.463537,0.462755,1.540763,True,True
342.off,Bearing,1663,3322,3,0.7551212907088006,0.032317252461861214,0.0008279674217096668,0.0014183902935023043,0.19987607156149995,0.017626032880840272,0.57418,0.573209,1.9085260000000002,True,True
343.off,Bearing,1663,3322,3,0.7551212544239845,0.03231725087234267,0.0007683021547515172,0.0013161681134581146,0.1854724909555,0.01635586465851323,0.553104,0.5521689999999999,1.838474,True,True
344.off,Bearing,3182,6360,3,1.3079917501470204,0.08847419497401511,0.00030853855934728834,7.625479687998589e-05,0.17575368374849984,0.0011490773987795644,0.526435,1.224844,0.52214,True,True
345.off,Bearing,3614,7224,3,1.3147803755869425,0.08800143059387798,0.0002712600650598621,8.396312284087115e-05,0.17572794364900007,0.0012256474257154148,0.533141,1.2208299999999999,0.527773,True,True
346.off,Bearing,3587,7170,3,1.3140294740246705,0.0884120222549909,0.00027280472521125165,8.295061221677497e-05,0.1774776185245003,0.0011703605420135153,0.5333209999999999,1.220065,0.531794,True,True
347.off,Bearing,2623,5242,3,1.2850406121109066,0.09803318216851052,0.0008146530462962384,0.0002648219622112598,0.233202871021,0.0030064956933334034,0.6799390000000001,0.684126,1.822957,True,True
348.off,Bearing,2568,5132,3,0.47667292724014304,0.01579308059591902,9.43575129739122e-05,1.2856504075898179e-06,0.015293340587108855,0.003045551928189418,0.15503099999999997,1.007909,0.15503100000000003,True,True
349.off,Bearing,2568,5132,3,0.47667196638688153,0.015793031901118536,0.00028595560878362535,2.7798017715094914e-06,0.04634547774251454,0.007847722910575216,0.26988599999999996,1.754619,0.26988599999999996,True,True
350.off,Bearing,8759,17514,3,0.4724296830641315,0.015736727005531775,9.279297485645538e-05,0.00012206266750291112,0.040164503189897435,0.001478161861287541,0.28505,0.28505,1.854734,True,True
351.off,Bearing,5192,10380,3,0.7748086757985111,0.03673300425073286,0.0002532027290955439,8.29854914613845e-07,0.21517099830600012,0.0020376353748561,0.522636,0.524644,1.841771,True,True
352.off,Bearing,10400,20796,3,0.7816217267717481,0.03812317293515596,9.982543373179816e-05,3.2873414477881116e-05,0.16376866105749982,0.00040107810250550953,0.465607,0.462882,1.6297169999999999,True,True
353.off,Bearing,1512,3020,3,0.4210722247318713,0.011864137045470903,0.00046456727511448776,2.2376377634644377e-06,0.0920005841905,0.012199940616050026,1.825364,0.382381,0.382381,True,True
354.off,Bearing,2910,5816,3,0.6154073614888613,0.024138195324135154,0.000157041335945925,1.703329950000006e-05,0.0928539820160001,0.0005189426655915009,0.345588,1.218254,0.345019,True,True
355.off,Bearing,14994,29984,3,0.40976515777466777,0.012075596582059497,5.4068169025449166e-05,3.6042373625614773e-06,0.06281281861837991,0.014557740936635666,0.24863200000000002,1.989061,0.248632,True,True
356.off,Bearing,14992,29980,3,0.40972955721713644,0.012075607344685447,5.407775291103647e-05,3.6015374510143527e-06,0.06284082306984816,0.014301253792628161,0.248649,1.989191,0.248649,True,True
357.off,Bearing,14872,29764,3,0.4659379627062687,0.007473769007807514,6.073261442425517e-05,4.1946607089308045e-06,0.45884833666900005,0.004035743930351858,1.9696660000000001,0.130235,0.26826799999999995,True,True
358.off,Bearing,14127,28266,3,1.5861570247234813,0.05462697281463013,8.703514656856521e-05,0.00015913107367880827,0.613495599130999,0.006262089441260668,0.949238,1.245393,0.949238,True,True
359.off,Bearing,14956,29924,3,1.5862490448585258,0.05462585203476443,8.273700729059101e-05,0.00017878302518211048,0.6173983465756282,0.0063312402951977535,0.9522219999999999,1.2493210000000001,0.952223,True,True
360.off,Bearing,2200,4396,3,0.654495261024719,0.026020727222880524,5.463000913469164e-06,1.7102879894683896e-06,0.0008378432090000001,2.2503626398168627e-05,0.037975999999999996,0.037729,0.191554,True,True
241.off,Bird,3478,6952,3,0.352213161608419,0.006759569263376574,0.0002002025439951386,6.109286214595556e-05,0.0054493479987572984,0.0006368525820961372,1.390134,0.286369,1.987865,True,True
242.off,Bird,7849,15694,3,0.8566619755066844,0.023728057187586426,0.00018038167232922197,0.0001835345238277731,0.007663944474350979,0.0004456800495050753,1.817851,0.802944,1.298609,True,True
243.off,Bird,3158,6312,3,0.35032514879160187,0.00713771051065707,0.00022034387618698976,0.00019829342508858748,0.008946439529425181,0.0008662576830588204,1.9925000000000002,0.511655,0.563784,True,True
244.off,Bird,4501,8998,3,0.44984301186165987,0.007810486603834075,0.0001934606279533173,0.0001874850867957237,0.04319541820177323,0.0006883810987710261,1.9671560000000001,0.27879,0.922156,True,True
245.off,Bird,6475,12946,3,0.7359258566839848,0.014908376447782461,0.0001873140669234053,0.00013389187516686034,0.0026085458878507698,0.0004578172620829381,1.815248,0.772397,1.256492,True,True
246.off,Bird,4219,8434,3,0.4293205326929094,0.007916374121977826,0.00019341783448763934,0.0002042661328710161,0.004289482768756376,0.0004804995314817545,1.94928,0.543701,0.64998,True,True
247.off,Bird,5519,11034,3,0.6053037680217255,0.012266221191420058,0.00018810665744177068,0.00017892860166314614,0.0195420486621091,0.0004935120300863385,1.8517480000000002,0.728487,1.005123,True,True
248.off,Bird,11790,23576,3,1.3271813675645918,0.03312612066496767,0.00011900316151628446,5.903557773700127e-05,0.012807136656965024,0.0003282758787830207,1.453949,1.1931829999999999,1.241455,True,True
249.off,Bird,3714,7424,3,0.35889857276304243,0.005923171008849663,0.00018646213024136362,0.00011664441880336642,0.031016599508271292,0.0009045052156351586,1.9639410000000002,0.393377,0.961538,True,True
250.off,Bird,4280,8556,3,0.4615599363585543,0.007789721192544721,0.00019774860935479056,9.073556256455492e-05,0.04633200840316482,0.0009183641954152068,1.3547280000000002,1.9146,0.18435200000000002,True,True
251.off,Bird,3158,6312,3,0.35032514879160187,0.00713771051065707,0.00022034387618698976,0.00019829342508858748,0.008946439529425181,0.0008662576830588204,1.9925000000000002,0.511655,0.563784,True,True
252.off,Bird,6351,12698,3,0.7338589604083884,0.016225478948517363,0.00017426607444963985,0.0002175983488229195,0.015028357877891873,0.0004824561810578099,1.736472,0.770138,1.066309,True,True
253.off,Bird,6164,12324,3,0.6645210168825129,0.013139931489195587,0.00018128385432701158,0.00011168528376155986,0.018674703975500005,0.0005161512438376764,1.833585,0.491819,1.5898530000000002,True,True
254.off,Bird,3638,7272,3,0.381012248935493,0.006014587008287703,0.0002084980868865651,0.00020624700331537047,0.09009946966913877,0.0007488184406481681,0.209791,1.994842,0.9520770000000001,True,True
255.off,Bird,5054,10104,3,0.5284899775443042,0.011989084986155505,0.0001971680540712378,0.00020522985714416063,0.007036197040370487,0.000557326911078076,1.941541,0.5273,1.0648339999999998,True,True
256.off,Bird,5970,11936,3,0.6932489242002566,0.01702205900461398,0.00016985764174217387,5.700435453018249e-06,0.019681115360094217,0.0005210128571409572,1.7101229999999998,1.0434290000000002,1.636494,True,True
257.off,Bird,2135,4266,3,0.5279386913618159,0.004725517978399053,0.00045331276480268504,4.288505324585512e-06,0.007082883694665773,0.0011513342694906298,1.913893,0.273073,0.955231,True,True
258.off,Bird,8946,17888,3,1.5384160403223714,0.03824843298084669,0.00016983404913941422,2.116913036908221e-06,0.009549156322931861,0.0004226797366330115,1.396925,1.405259,1.258113,True,True
259.off,Bird,9015,18026,3,0.9408787233544846,0.025772528254638317,0.00016954559806921235,0.00016154582746547832,0.020167874986760637,0.0004451778928114316,1.8022960000000001,0.602128,1.623276,True,True
260.off,Bird,2497,4990,3,1.400984431684606,0.04043951586234721,0.0004911796518911774,3.0624059357173965e-05,0.00822142797253371,0.0011422847418489802,0.938034,1.110411,1.322677,True,True
301.off,Bust,9252,18500,3,1.365848341466446,0.09050425735204358,0.0002623547553146092,0.00021559513461434258,0.04532845640651007,0.0005997908833649021,0.973899,1.885077,0.8387020000000001,True,True
302.off,Bust,25125,50246,3,1.950918601198735,0.13671040561903758,0.0001181870026460754,2.843863341677803e-05,0.32890849586049975,0.0007291011167213949,1.4025249999999998,1.744681,1.005202,True,True
303.off,Bust,15516,31028,3,2.1207639346906237,0.1668451019329841,0.00012388176921361127,3.337496716857415e-05,0.24338568486514184,0.0006134676626031848,1.16609,1.346277,0.9713480000000001,True,True
304.off,Bust,25467,50930,3,1.1916538163981634,0.06142772370026273,8.744363600146384e-05,0.00010236066004200411,0.0023665739101928927,0.00020707875737860392,1.9331960000000001,1.038809,0.769795,True,True
305.off,Bust,27824,55644,3,2.5206512678865267,0.2002600201935687,0.00013314281228715843,0.00016546777510946748,0.0046261796865128685,0.00032789806214886626,1.6095739999999998,1.714398,1.233381,True,True
306.off,Bust,26798,53592,3,1.6539080890160875,0.12911302865498062,8.718451402765063e-05,0.00010350393865123072,0.006116622937326434,0.0002156264105110768,1.2461920000000002,1.680792,1.0126439999999999,True,True
307.off,Bust,27439,54874,3,2.326235044069535,0.22343235996962635,0.00013947440017796517,0.0001655920582672357,0.013321952166541202,0.00034332653739581386,1.81386,1.663729,1.7046890000000001,True,True
308.off,Bust,23976,47948,3,2.515913498589237,0.2872200040061156,0.00017790590096160167,6.1235501365854265e-06,0.008780594075856275,0.00046661175841772415,1.7245080000000002,1.841334,1.524292,True,True
309.off,Bust,5197,10390,3,2.7028555869932216,0.2598422120766971,0.0005180387799804274,0.00039569222334005273,0.007098236640952083,0.0014283851101161125,1.1353849999999999,1.150157,1.411164,True,True
310.off,Bust,8263,16522,3,2.373705659085878,0.28410069768480173,0.0004898587478593127,0.00013176121999282595,0.00423991495102818,0.0012764253204762153,1.842162,1.846517,1.284366,True,True
311.off,Bust,25230,50456,3,1.9555488787896393,0.13743434713354796,0.00012202054789255752,0.0001471963796121775,0.7493094325247905,0.0005091146199347736,1.080055,1.774347,1.3034789999999998,True,True
312.off,Bust,26985,53966,3,2.1215242473098774,0.15601110097470802,0.00010736903136446302,6.578825815764977e-05,0.0063463157729597985,0.0002751299185917187,1.65263,1.494401,1.125731,True,True
313.off,Bust,10852,21700,3,2.253961991599758,0.1742151811118887,0.00029140763094610513,1.258427595378356e-06,0.005515939174744558,0.000691362708805774,1.3342459999999998,1.67497,1.345318,True,True
314.off,Bust,26437,52870,3,1.8826280555305435,0.1347207328248338,8.789317101221328e-05,0.00011492190465586037,0.5542977004872703,0.0003302900734861986,1.467505,1.571086,0.810265,True,True
315.off,Bust,25768,51532,3,2.1466507619654718,0.21533566530716927,0.00010448074561643325,8.527590411153413e-05,0.21795948606403906,0.0003832010940846753,1.1454460000000002,1.583711,1.3757899999999998,True,True
316.off,Bust,23395,46786,3,2.213154541740486,0.19314179000042472,0.00012396340131441068,0.00011502489990454688,0.00515569262130459,0.0002921414441925518,1.1689530000000001,1.618821,1.40262,True,True
317.off,Bust,27726,55448,3,1.7406851334490827,0.16429357228486854,0.00010168723082043654,0.00012635274554319937,0.023489664595728592,0.00024052380689078962,1.061247,1.799766,1.3490630000000001,True,True
318.off,Bust,25145,50286,3,2.085029935944956,0.1773567075909234,9.043456409414448e-05,0.0001058894695020215,0.5508694068099363,0.0003280030601987014,1.040468,1.43204,1.4768439999999998,True,True
319.off,Bust,26558,53112,3,1.6531059587720256,0.14725982283736225,0.00011738781947417772,0.00014921589769542859,0.006626578117817685,0.0002897071471923834,1.942037,1.0805,1.196734,True,True
320.off,Bust,27118,54232,3,2.395713546500657,0.22712953070782527,0.00013513638445506606,0.00016101990411511268,0.020429649297012867,0.0003549157945515016,1.7490269999999999,1.7302490000000001,1.31784,True,True
101.off,Chair,8499,16998,3,0.8330330170812339,0.012629930578039182,0.00013332582018459735,0.0001500115601271354,0.30155885835419594,0.001971764253037738,0.801122,1.6493959999999999,0.7633430000000001,True,True
102.off,Chair,15724,31456,3,1.5929647957408462,0.03552676573989109,0.00012491497686863942,0.00013983764364211418,0.4217248661287279,0.0008037582681243193,1.198178,1.570565,1.246189,True,True
103.off,Chair,9652,19304,3,0.9479104077571828,0.019072223961234803,0.00013536591904139027,0.00015079562773480073,0.3676127032217864,0.0008749723305792399,0.837828,1.660331,0.866825,True,True
104.off,Chair,8653,17306,3,0.816104419530451,0.010692393191879306,0.00013782335149008075,0.00015528237094824727,0.24085519399945876,0.0023802576556665083,0.682215,0.664191,1.70957,True,True
105.off,Chair,9261,18530,3,0.8629123989220192,0.011103325848396331,0.00012847063920379498,9.688083911962354e-05,0.19979587380755767,0.00211808479782985,0.662812,0.644883,1.660949,True,True
106.off,Chair,14052,28104,3,1.4056463990974304,0.026833172414623567,0.0001189740985462969,0.0001272796510610181,0.5514063734457243,0.0011413325689466627,1.053711,0.94543,1.542312,True,True
107.off,Chair,11421,22854,3,1.1719111438099479,0.022934274033415677,0.00016145015104269297,0.00023405878625870304,0.0782830851586946,0.0007061200106552391,1.078001,1.774406,1.1063129999999999,True,True
108.off,Chair,10500,21008,3,1.1284627922193138,0.02222088342811322,0.00017093610672383377,0.00026684950722041367,0.09579787151543584,0.0007387824931161292,1.11063,1.78388,1.088375,True,True
109.off,Chair,10301,20602,3,1.0036307045060509,0.021350442371834828,9.404899380640512e-05,6.304659718606562e-05,0.2925901231059587,0.0012009767672869066,0.856838,1.389456,0.875855,True,True
110.off,Chair,8456,16920,3,0.7856049671902758,0.011289671794281126,0.00012495379432780744,0.0001232695163129639,0.23553095541398006,0.001618576383483602,0.670631,1.640487,0.7348669999999999,True,True
111.off,Chair,8050,16100,3,0.7530416944286736,0.011022113519155542,0.0001300094143433456,0.00012731396180227768,0.24326832483304306,0.0018174824634337213,0.681556,1.6672120000000001,0.747368,True,True
112.off,Chair,13628,27256,3,1.3442064165882261,0.029398160985417972,0.0001005067011151699,0.00010756720376588047,0.45176651001414864,0.002216029531479917,0.7854,1.427564,0.996021,True,True
113.off,Chair,10748,21500,3,1.062880406928228,0.01776645665749401,0.00010781108817847414,0.00010948319848867112,0.3767394607424524,0.0014016669992975494,0.81298,1.476756,0.925913,True,True
114.off,Chair,5794,11588,3,0.4960284546970601,0.007325208877956673,8.695627427149814e-05,1.1277271816065884e-05,0.17326256329219789,0.0011538361279864,0.609785,1.425284,0.698174,True,True
115.off,Chair,10043,20086,3,0.9856253058657208,0.016517297562977755,0.00011089958586724463,0.00012522208234773413,0.3897220935929983,0.0018543781015355383,0.8276129999999999,1.5033349999999999,0.941032,True,True
116.off,Chair,13463,26926,3,1.3421949793336578,0.026074418165013543,0.00013404804720266444,0.00010426789076729735,0.6651068073997005,0.0026470023920343046,0.97561,1.639866,1.045958,True,True
117.off,Chair,14372,28744,3,1.3541292436885735,0.017635230859867797,0.0001200660687274358,0.00011152506809958095,0.66203479490889,0.003274284182505658,0.9419040000000001,1.596444,0.969454,True,True
118.off,Chair,9153,18306,3,0.8425746509397787,0.014561515303217896,0.00012342586839863746,0.00014904448661556206,0.31602703804596205,0.0014543664588447481,0.779291,1.637554,0.789047,True,True
119.off,Chair,12326,24652,3,1.1384853577634588,0.02048214217800909,0.00012128441131794707,0.00014561517491208653,0.548347170649317,0.0031582189812551856,0.888512,1.620559,0.9211989999999999,True,True
120.off,Chair,10121,20242,3,0.9536900259857857,0.015722436798906926,0.00013587007685100723,0.00016452567090649093,0.31374529097980214,0.0023032513496509567,0.771519,1.698185,0.750347,True,True
21.off,Cup,15198,30396,3,3.086590795183735,0.08190367594646474,0.0002807181952604655,0.00014071459929439892,0.10445847447769217,0.000890636756461923,1.662662,1.088976,1.234866,True,True
22.off,Cup,15002,30004,3,3.681536649026372,0.14075353945157515,0.00038023359672664884,0.00011720191668154953,0.47359923735034637,0.0013981586852206043,1.7603550000000001,1.3084609999999999,1.3816549999999999,True,True
23.off,Cup,15037,30074,3,2.6448347106208834,0.08071109786398244,0.00027692601312186507,0.00018828362811277905,0.19853023356243585,0.0007456337260081767,1.7745090000000001,1.026499,1.4311660000000002,True,True
24.off,Cup,15246,30492,3,3.6282900489928656,0.1708007599585082,0.0003781790478297235,0.0001409316337587066,0.49220785511236453,0.0014449636796754648,1.782751,1.330937,1.4034719999999998,True,True
25.off,Cup,15087,30170,3,4.091692894828087,0.07545925828175094,0.000395078892732356,0.0001485327586453019,0.5262149381046436,0.0012912982320391817,1.164689,1.706782,1.147809,True,True
26.off,Cup,15209,30418,3,4.432367027661431,0.09480473307195425,0.00035277834314972287,0.00011582350945522778,0.4698533525856595,0.0011594132414398921,1.55596,1.043261,1.4868139999999999,True,True
27.off,Cup,15137,30274,3,4.379815583518808,0.1237305667659492,0.00032817213986321693,0.00010714836880586718,0.08753560785693824,0.0010304923161121643,1.506114,1.103634,1.365564,True,True
28.off,Cup,15070,30140,3,3.0774026940000856,0.0813865872637473,0.0002904531484172724,0.00015448819082352066,0.36439068172762035,0.000906225111211181,1.6866210000000001,1.102186,1.250727,True,True
29.off,Cup,15127,30254,3,3.6827842554733303,0.08217493674674059,0.00029630386789586383,0.00011345299520604217,0.5308105894437638,0.0011190019430357295,1.56017,0.9912650000000001,1.2911160000000002,True,True
30.off,Cup,15006,30008,3,2.034188010393583,0.052661795343681254,0.00014188079398523484,0.00010757948239710284,0.36416995629212795,0.0004420488090481011,1.091406,1.446721,1.0917,True,True
31.off,Cup,15227,30454,3,3.4655160572971284,0.1665204443701585,0.0003511739040654925,0.00011408414313954155,0.08896666561907993,0.0009711748881768214,1.756707,1.5655700000000001,1.291925,True,True
32.off,Cup,14751,29502,3,4.464563722881852,0.101901613711776,0.0003281874219235502,0.00011371856032151858,0.16066950503527908,0.0009795666022464045,1.472642,1.332937,1.066941,True,True
33.off,Cup,7349,14698,3,3.563214249350182,0.1306850052315777,0.0007108781180979851,0.0005179464662611043,0.2825631451382087,0.0018978393250656353,1.712402,1.26666,1.347274,True,True
34.off,Cup,9602,19204,3,4.502097180998052,0.22360432509675285,0.0005804818946618855,0.0005275240005655328,0.6137092754578534,0.0032344893930387414,1.255926,1.573558,1.5582989999999999,True,True
35.off,Cup,15136,30268,3,2.6635718066073992,0.09908177096813651,0.0002073922399562292,9.86122789645425e-05,0.13275072947714298,0.0006877807047230117,0.9994640000000001,1.535168,0.9542550000000001,True,True
36.off,Cup,9076,18152,3,3.4115790621712865,0.06299319943818055,0.0004922418625217604,0.0003304320163974047,0.0037903320884251526,0.0011436851761387568,1.417117,1.618355,1.349044,True,True
37.off,Cup,6270,12540,3,4.205576857645619,0.14124544199067182,0.000995054809386475,2.0191244079055548e-05,0.08646916605413327,0.0024316809480669083,1.349375,1.3487179999999999,1.722501,True,True
38.off,Cup,15064,30128,3,3.8154268542116077,0.11724788318069918,0.00037038546581983056,0.00017724576619743967,0.483661932778298,0.002039124507372735,1.710175,1.301681,1.230683,True,True
39.off,Cup,15161,30322,3,4.185610967337661,0.06317146433360864,0.00038452088685521065,4.1450102336034074e-05,0.349048287908214,0.002037702367905312,1.669012,1.118836,1.281506,True,True
40.off,Cup,15165,30326,3,3.3106951090650574,0.06291493539489626,0.0003720496125470648,0.00014432959002203102,0.35165494555996185,0.0010711538800943698,1.032639,1.846071,1.026595,True,True
221.off,Fish,7121,14238,3,0.7713706338667917,0.03438274395770594,0.0001721889328165183,8.507208198966484e-05,0.0037276990884812025,0.0004326658919857948,1.7827709999999999,0.597613,1.0639370000000001,True,True
222.off,Fish,5255,10506,3,0.5609758627708431,0.021833719941924828,0.00017519727776640483,9.637159585110719e-05,0.004310021405758469,0.00045281414615382565,1.8113830000000002,0.536234,0.6831,True,True
223.off,Fish,6656,13308,3,0.7039360185128372,0.02473238803702577,0.00016577631244799737,0.00012261664421507815,0.008398213439167326,0.00042980703959670703,1.770317,0.78854,0.827559,True,True
224.off,Fish,5061,10118,3,0.5350710765521484,0.018282957448203706,0.0001750756285500853,0.0001723404353525803,0.01686304352649025,0.0004263573362488275,1.81951,0.519146,0.621227,True,True
225.off,Fish,6076,12148,3,0.6491491886691138,0.02230743644517886,0.00017115822932192154,0.000130851247236067,0.023167973192672973,0.0004524989823248814,1.789695,0.616652,0.880898,True,True
226.off,Fish,5216,10428,3,0.5620570989755448,0.021792465837565788,0.0001832976211914798,0.0001616913022350782,0.0031718555492376947,0.0004597698740217492,1.844118,0.558622,0.6168939999999999,True,True
227.off,Fish,5216,10428,3,0.5620570989755448,0.021792465837565788,0.0001832976211914798,0.0001616913022350782,0.0031718555492376947,0.0004597698740217492,1.844118,0.558622,0.6168939999999999,True,True
228.off,Fish,5592,11180,3,0.610389355282925,0.02388339624026184,0.00017537479329896372,9.436661971170773e-05,0.018606212263214503,0.00046982635469833744,0.5277540000000001,1.79226,0.78802,True,True
229.off,Fish,5245,10486,3,0.5760612282079763,0.022780041383516105,0.00019309910670222493,7.584645302972694e-05,0.0057760610703789525,0.0005054693884345389,0.564376,0.6742049999999999,1.874825,True,True
230.off,Fish,7573,15142,3,0.8202068088201427,0.03755610438071435,0.00017368973563923758,0.0001238669073636606,0.005015492148750472,0.0004252539282340891,1.790676,1.0814430000000002,0.626614,True,True
231.off,Fish,6264,12524,3,0.6518470004229007,0.025080726805577363,0.0001664913486719814,9.872483101114764e-05,0.05248684698007651,0.0004764478251499046,1.788523,0.687467,0.737222,True,True
232.off,Fish,5440,10876,3,0.5747196583995833,0.02042483810632315,0.00017261826975082168,0.00011502118781793632,0.029971194461196338,0.0004311549596149524,1.807382,0.5808599999999999,0.546564,True,True
233.off,Fish,10186,20368,3,1.1062865459680962,0.05400045352027852,0.0001496036953643477,0.00011842264607599969,0.01070500410980606,0.0004069766364998391,1.659631,0.972173,1.020777,True,True
234.off,Fish,7498,14992,3,0.8045362451098622,0.032110665261780476,0.0001753454698747755,0.0001180326533133596,0.0076024875198226404,0.00043080558702521883,1.807608,0.9187209999999999,0.8026869999999999,True,True
235.off,Fish,5250,10496,3,0.558909230790687,0.019561503442632654,0.00017583418756580648,0.00014906070850030865,0.03505111404959073,0.00045236824119108623,1.817159,0.568072,0.706092,True,True
236.off,Fish,4845,9686,3,0.5183788008196022,0.016072700511984377,0.00016970972235050473,0.0001315726588555034,0.005346608636307687,0.00039943695866981283,1.780746,0.54022,0.71135,True,True
237.off,Fish,4439,8874,3,0.4588325059242721,0.013794445089211103,0.00016779878885588852,0.00015208966853883,0.006798685048839511,0.00042886931132874806,1.80147,0.476638,0.55733,True,True
238.off,Fish,5096,10188,3,0.5350098582596262,0.01762183147182961,0.00016331320940165536,9.688918660130473e-05,0.018157182763218156,0.0004330134081303317,1.7634949999999998,0.503695,0.69125,True,True
239.off,Fish,5121,10238,3,0.542336545354369,0.019458958191889194,0.0001825820823593189,0.0001483959436831145,0.0461431857151558,0.0004917372707518702,1.856531,0.670034,0.44642899999999996,True,True
240.off,Fish,6833,13662,3,0.7329866346050342,0.029122620130634044,0.0001635077765833448,0.0001326318878517694,0.051750545333401274,0.00047147079693261114,1.745735,0.7798039999999999,0.665031,True,True
381.off,FourLeg,6938,13872,3,1.0614058350299975,0.055582368968329604,0.0002043219690251508,0.0002339470985817527,0.0019333361177485664,0.0004523225925550943,1.634129,1.062353,0.571059,True,True
382.off,FourLeg,8078,16152,3,1.0533071433244334,0.042826758699043226,0.000155936870651689,0.00016571643963054627,0.0012034757461464997,0.0003324933611415276,0.708435,1.546358,1.278799,True,True
383.off,FourLeg,13331,26658,3,1.106673108859917,0.05177445253659173,0.00013461271984351966,9.796455257392985e-05,0.013946877243927997,0.0006105990742653725,0.5911930000000001,1.800724,0.922001,True,True
384.off,FourLeg,4712,9420,3,0.7578850154730281,0.025055640011193984,0.0003191437244330932,0.00036871597771493054,0.0018523433881514064,0.0006677752833255545,0.45846,1.991668,1.099401,True,True
385.off,FourLeg,10436,20868,3,0.9919315896216846,0.03782418626822673,0.00014759842135999332,0.00016278731074835778,0.001935578594710762,0.00033384826147336074,1.76214,1.325781,0.5083120000000001,True,True
386.off,FourLeg,2087,4170,3,1.2482242639730683,0.0551842164083845,0.0007923523034539642,0.00020161677044263704,0.009875060407832054,0.0019290694372081287,1.626975,1.209946,1.1374360000000001,True,True
387.off,FourLeg,14680,29356,3,1.071975293469927,0.0417766953365778,9.307005378453388e-05,8.282244033120673e-05,0.0013048298725257406,0.00021014122090519543,1.596471,1.454089,0.6760790000000001,True,True
388.off,FourLeg,8411,16818,3,1.068239927975549,0.04607913141766802,0.00022076217287191117,0.00024053696744581797,0.0060597686896221355,0.0005870840001376847,1.864297,1.037803,0.656377,True,True
389.off,FourLeg,9490,18976,3,1.1791365719586278,0.04104492402361736,0.00015875310507291787,0.00015588037980162288,0.002227447153422802,0.000344293329037573,0.571071,1.598385,1.352296,True,True
390.off,FourLeg,9239,18474,3,0.5464605789958727,0.010945053645754379,8.356169469439143e-05,9.044015876380436e-05,0.0014626531385000018,0.00018352671314620015,0.49194499999999997,1.6807560000000001,1.071126,True,True
391.off,FourLeg,4315,8626,3,1.0538775991429723,0.04485530302791356,0.0003567439217750816,2.816752559862686e-05,0.005667588144959773,0.0008625265786305922,0.512799,0.984618,1.708787,True,True
392.off,FourLeg,8618,17232,3,0.9748514689159439,0.04458589211576845,0.00018937252358402533,0.0002206431372139581,0.007331907182953355,0.000574697906167962,1.829604,1.030774,0.631337,True,True
393.off,FourLeg,9757,19510,3,1.229783034305807,0.04675540186455974,0.00012951117398556309,2.324282211546372e-06,0.0016053850756063792,0.0003133037924866881,0.43820800000000004,1.4026,1.433402,True,True
394.off,FourLeg,9009,18014,3,1.0260216282534527,0.03666178206860668,0.00013244128629763066,5.6378691281706595e-05,0.0033601925563841242,0.0003269613681860547,1.52489,0.44542800000000005,1.268405,True,True
395.off,FourLeg,11312,22620,3,0.8441151907692293,0.027994132896277404,0.0001155801154008699,6.515600000000293e-08,0.014881972018158055,0.000408414013836305,1.759896,1.222007,1.001994,True,True
396.off,FourLeg,5538,11072,3,1.1355715584524215,0.04382100121260684,0.00025160447516409904,0.00027754039509715665,0.018473753369870928,0.0010318186980630346,1.5662639999999999,1.448058,0.413226,True,True
397.off,FourLeg,7268,14532,3,1.0757723960113599,0.04214616680124863,0.00018571135556912373,0.00018079925370889307,0.0011392013047991359,0.0003955143007610867,0.461523,1.302118,1.583878,True,True
398.off,FourLeg,1480,2956,3,0.7496489913955375,0.02411001149702324,0.0005208404494804412,4.282666539592986e-06,0.0055445291412053645,0.0011088104514510447,1.433097,0.895006,0.331834,True,True
399.off,FourLeg,3911,7818,3,1.134108375407965,0.0449583424867296,0.00035785419740736737,0.0004430998579955245,0.0017047941518247205,0.0007606672409323919,0.6388940000000001,1.570629,1.387941,True,True
400.off,FourLeg,3703,7402,3,0.8397014990604439,0.026710559140106015,0.0003189395180312705,0.0003650706122359131,0.00888118695764939,0.0007979717673512973,0.529954,1.025638,1.676742,True,True
41.off,Glasses,7016,14028,3,0.6649778065354497,0.007839155534287061,5.571073211694952e-05,5.859440589894303e-05,0.013167007354365759,0.00019529017540792235,1.0235349999999999,1.0840859999999999,0.327073,True,True
42.off,Glasses,4164,8324,3,0.366454918756496,0.004125099489283861,6.888334465718057e-05,6.328223157416168e-05,0.022502870282142852,0.000629924850075628,1.250872,0.90491,0.30706,True,True
43.off,Glasses,3414,6824,3,0.29164618719880514,0.002748184603757988,6.740575454636966e-05,5.021207772113916e-05,0.0016240964674598104,0.0001894106225694759,1.255856,0.244535,0.9217029999999999,True,True
44.off,Glasses,6288,12572,3,0.6002156672458342,0.006464617839260772,7.013243931621654e-05,5.927036578136315e-05,0.0048300969791616405,0.00019018394050809747,1.052825,0.339154,1.212015,True,True
45.off,Glasses,5399,10794,3,0.4957514762578382,0.006602923025215846,7.006242137694189e-05,2.099886254057096e-05,0.007593030201755562,0.00019944911631980796,1.235099,0.324376,1.088663,True,True
46.off,Glasses,2394,4784,3,0.19835955931194435,0.0021027090510664435,0.00013868334598151082,0.00015742715091155595,0.08224209559245306,0.001075522923104359,1.8288630000000001,0.5578339999999999,0.278489,True,True
47.off,Glasses,2028,4052,3,0.16005551755418024,0.0015602580699426518,0.00015559802562036047,0.00017902287031972626,0.07457451619312115,0.0007293185078740268,1.9847299999999999,0.137056,0.282781,True,True
48.off,Glasses,5176,10348,3,0.44835662369960666,0.004815009432507073,7.739893609739188e-05,6.151141727138701e-05,0.035076165308709016,0.000476902594088262,1.336546,0.967292,0.331412,True,True
49.off,Glasses,3110,6220,3,0.26948708049961323,0.002720180015248772,0.00012375524989984008,0.00012319788011935724,0.039142368490617425,0.000610412128426759,1.690083,0.71453,0.309264,True,True
50.off,Glasses,7420,14836,3,0.712911716455208,0.009509250195490046,5.791358014717952e-05,7.92491068932618e-05,0.01761443451778471,0.00017722805123127734,1.0430549999999998,1.0978189999999999,0.333213,True,True
51.off,Glasses,2858,5712,3,0.2562445359641566,0.0027134696457048776,0.0001077538657875335,0.00010162825851004422,0.01443460824279185,0.00038019756626440763,1.549827,0.8285849999999999,0.276768,True,True
52.off,Glasses,1554,3104,3,0.12890117040606672,0.0011819527206256893,0.00014664781924356485,0.00013926633110044053,0.010916993322485654,0.0005489540991542767,1.879188,0.47644600000000004,0.22955,True,True
53.off,Glasses,2496,4988,3,0.20829800829331568,0.0020399069417508945,0.0001308447312409409,0.00016225738758734955,0.03358523599049991,0.0005753643139242195,1.770104,0.642563,0.28935,True,True
54.off,Glasses,7407,14810,3,0.6888714799614238,0.009108408884520445,5.604695947970943e-05,4.915784255994406e-05,0.014101245499273623,0.00018577368369781697,1.042433,0.331221,1.097702,True,True
55.off,Glasses,2850,5696,3,0.25667742405305516,0.002740788618386765,0.00010314861436402357,6.932189568449774e-05,0.011797533270375506,0.0003218318774324745,1.512944,0.27093100000000003,0.826146,True,True
56.off,Glasses,8771,17538,3,0.8455650021693527,0.010177539989307845,8.200783095316077e-05,0.00012325113972368147,0.12156647204498469,0.0006454999028715601,1.3042,1.272597,0.405257,True,True
57.off,Glasses,7413,14822,3,0.6894827512183864,0.009117776701152854,5.6025850367344466e-05,5.42904564099089e-05,0.014221760860800702,0.00018454022564616825,1.041721,1.097453,0.331225,True,True
58.off,Glasses,1857,3710,3,0.1447344830919743,0.0012507282674487272,0.00014729422723134457,0.0001724882327025388,0.027031265587042712,0.0007228451352211344,1.9430939999999999,0.221465,0.257074,True,True
59.off,Glasses,2895,5786,3,0.2555362055458559,0.002988565797643099,0.0001373545859382652,0.00013365989155857756,0.021792743905868477,0.0005529785890134016,1.763537,0.686593,0.275596,True,True
60.off,Glasses,2375,4746,3,0.20035828260587568,0.002170479845098665,0.00013698328507881052,0.00013905426225173194,0.017292719872736444,0.0006341238555942338,1.801333,0.617453,0.245672,True,True
181.off,Hand,7242,14480,3,0.782825504962418,0.02406997874795909,0.00019937876197319705,0.000163148891390162,0.023873839840833667,0.0005170927132241725,0.9343600000000001,0.680823,1.920398,True,True
182.off,Hand,10283,20562,3,1.1818824686566372,0.0495563970416554,0.00020303415494946433,0.0002089132621787746,0.021485200399110182,0.0004984037156513413,0.8728100000000001,1.8794469999999999,1.011166,True,True
183.off,Hand,11413,22822,3,1.5041247212165418,0.06919921279738635,0.00022814648031290428,0.00022412329560642493,0.014958078096320182,0.0006017624092583668,1.673297,1.860552,0.63573,True,True
184.off,Hand,4685,9366,3,1.1257897586090717,0.040654577228537915,0.0003603666730942615,0.00023344374328997716,0.010834817520432489,0.000988898283836305,0.7258089999999999,0.9025749999999999,1.731493,True,True
185.off,Hand,2489,4974,3,0.9122253246890607,0.030796797674501223,0.0005024369331543966,7.48048177860438e-05,0.012174513256278663,0.0015552064980662225,1.008116,0.357655,1.65517,True,True
186.off,Hand,6607,13210,3,0.9375835509764219,0.035717020609044525,0.00023732871769229825,0.00017792253520390984,0.017824841955678312,0.0006591758071505006,1.0493999999999999,0.609905,1.8286120000000001,True,True
187.off,Hand,7628,15256,3,0.818297371923168,0.026661662120143717,0.00019944195643170151,0.0002068511302586147,0.02995810531194629,0.0005179144484021152,0.937751,0.682142,1.928293,True,True
188.off,Hand,8603,17202,3,1.067645976611385,0.031228304783155723,0.00019607428086917521,0.00019300942736949982,0.03773083443905202,0.0007097036147610333,1.165294,1.777404,1.176891,True,True
189.off,Hand,14084,28164,3,1.6196004327631828,0.056815807421066664,0.00011952427433973739,9.312853233037869e-05,0.01948815015433263,0.00048339723030487933,1.2418179999999999,1.441688,1.193902,True,True
190.off,Hand,7500,14996,3,0.9190478661467842,0.023495286655181784,0.0001588139836543888,0.0001759782611418432,0.1182936570089377,0.0006490096918883095,1.162981,1.6097670000000002,0.5124420000000001,True,True
191.off,Hand,13766,27528,3,1.528102479847449,0.07211581403932056,0.00017911887924835772,0.0001143781510299366,0.021600246365394656,0.00044413999801477697,1.233675,1.796312,1.162614,True,True
192.off,Hand,6991,13978,3,0.8893320238243638,0.022424498724182437,0.00020671952034160727,0.00025274608047430277,0.01604428668425978,0.0007248784039764556,1.158728,1.802525,0.59095,True,True
193.off,Hand,7314,14624,3,0.9208849422923455,0.024276990668699778,0.00016228348653489965,0.00017164910224130354,0.025407267180180392,0.0007032599036996917,0.754948,1.6053419999999998,0.6062730000000001,True,True
194.off,Hand,8471,16938,3,0.9287584193515837,0.023892169823750215,0.00016838509823433856,0.0001704754390987917,0.024521077587030215,0.0007648941634328388,0.796404,1.752393,0.661347,True,True
195.off,Hand,8524,17044,3,0.9495623047828089,0.02563816668733486,0.00015994210522547928,0.00011402896395696743,0.015231159597334992,0.0006485668314581379,0.716968,1.694359,0.7467090000000001,True,True
196.off,Hand,7112,14220,3,0.922910823078086,0.024186452869285995,0.00016117067931848615,0.00015074821977157228,0.016154709529465995,0.0005965057247289333,1.234385,1.5758429999999999,0.634566,True,True
197.off,Hand,7553,15102,3,0.9135048971638275,0.023509921248180903,0.0001624986246341426,0.00017526239413512368,0.027320666831649243,0.0006441611926421972,0.708622,1.6390289999999998,0.8287359999999999,True,True
198.off,Hand,9564,19124,3,0.6443391617450055,0.01959192041689235,0.00012702424838806911,0.000137369109840795,0.08325004271054195,0.00035120321893977166,0.674338,0.5490189999999999,1.94167,True,True
199.off,Hand,8647,17290,3,1.0647200778418684,0.044145885324197144,0.0002180052236395261,0.0002235722770932511,0.14522015402951996,0.0005789521613021589,0.8155889999999999,1.881539,0.707565,True,True
200.off,Hand,1515,3026,3,0.8670298233452997,0.02958399609304356,0.0008522046324888803,0.0004710986695238196,0.014648520927670274,0.0021283646689778933,1.3076720000000002,1.724604,0.648263,True,True
1.off,Human,4706,9408,3,0.5482972974872453,0.01022212450959837,0.00018800658112261756,9.723677967087696e-05,0.0023256575878722067,0.0004530248188012249,0.727641,0.293773,1.7960859999999998,True,True
10.off,Human,9508,19012,3,0.5425207828230029,0.010844472396705308,0.00010246517642909571,4.5103367944967766e-05,0.006604874929585867,0.0002771681749334097,0.351569,1.894933,1.0463879999999999,True,True
11.off,Human,10999,21994,3,0.6977241192308378,0.01746764616635894,0.00010245911172479843,0.00011002385905703358,0.008370414151331199,0.0003192567689547289,1.7315909999999999,0.39471,1.797155,True,True
12.off,Human,5614,11224,3,0.6649529886159693,0.017360529103949935,0.0001950189461009006,0.00022573118424283113,0.03469884511990859,0.0004911553658665456,1.706255,0.39347600000000005,1.814332,True,True
13.off,Human,13703,27402,3,0.722125801876342,0.022893423249846456,0.00010111295451556102,7.727030464712138e-05,0.0023323269645462645,0.00023547038008376865,0.8428019999999999,1.958791,0.715712,True,True
14.off,Human,5691,11378,3,0.7857281837114735,0.019261042587310602,9.87612758375505e-05,2.037133999999967e-06,0.0009462425474505765,0.00025477676513061735,1.0889259999999998,1.195887,0.976434,True,True
15.off,Human,5631,11258,3,0.8793726363199446,0.022549951988626738,0.00016441648385498296,4.687740000000005e-06,0.003316075643521494,0.0004374716468215398,0.585696,1.450831,0.777883,True,True
16.off,Human,15223,30450,3,0.7827471800556716,0.02115429506170239,7.761788835255124e-05,3.594315529879662e-05,0.0041598280116282105,0.00019780520433250104,0.838287,1.7376559999999999,0.853634,True,True
17.off,Human,15910,31816,3,0.7434072123869746,0.017888711199021308,6.487021796041712e-05,2.565018726036188e-05,0.0012514349612195996,0.00016427517767200333,0.984356,1.666219,0.913865,True,True
18.off,Human,15385,30766,3,1.0987006451475798,0.04593863039901277,0.0001038122132094282,4.438694208221281e-05,0.006226280590443904,0.0003036572876733136,0.995375,1.704983,1.0128050000000002,True,True
19.off,Human,15477,30950,3,0.5682741525369556,0.012200322155245635,7.010328464280858e-05,3.6265111142188476e-05,0.0007792718449669776,0.0001646485875923991,0.884464,1.9539819999999999,0.766403,True,True
2.off,Human,10050,20096,3,0.6213562230029457,0.015495614066932697,0.00010884401930592515,0.00011368524165631064,0.0008157690024238102,0.00023596391561875985,0.338844,1.876233,1.038578,True,True
20.off,Human,15700,31396,3,0.5791278960615076,0.011828857824784872,6.741724401229792e-05,2.9033684481696628e-05,0.0028100323689022795,0.00017419881343504458,0.849445,1.911769,0.700346,True,True
3.off,Human,5641,11278,3,0.5973727445143824,0.013165646101091106,0.00011823305906354095,2.921974999999999e-06,0.0015886873465151418,0.0003292004875400799,0.5495220000000001,1.4940419999999999,0.694626,True,True
4.off,Human,5676,11348,3,0.6089134167444252,0.01350645420454143,0.00011340286754469054,4.955344714777475e-06,0.0016574023797853463,0.0003244147761722524,0.60832,1.453764,0.709249,True,True
5.off,Human,15154,30308,3,0.6961609141465738,0.019462641030617418,8.568759396283663e-05,4.073138403822634e-05,0.0014574917845530757,0.00020575014880886677,0.989225,1.931447,0.77465,True,True
6.off,Human,10098,20192,3,0.6553508751934749,0.015284148509266366,9.921540797773422e-05,7.854303352740017e-06,0.0017140343280165268,0.00031333719336464907,0.501213,1.7484060000000001,0.393529,True,True
7.off,Human,8441,16878,3,0.6035714201353043,0.014188770448109369,0.0001238283680201713,0.00014670167949010768,0.0012598566699200165,0.00026684517965503215,0.338361,0.573949,1.860828,True,True
8.off,Human,11015,22026,3,0.4903166295393386,0.008952808035819536,7.455876376842535e-05,8.540260176253293e-05,0.0004556633288702504,0.0001570712608458741,0.67111,0.760976,1.830117,True,True
9.off,Human,2639,5274,3,0.47655852502911694,0.008812151866972168,0.0003009961007093467,0.0002937552048683623,0.0009986944750867252,0.0006121880863055617,0.654836,0.7200040000000001,1.825124,True,True
321.off,Mech,14995,29986,3,3.6556448360538916,0.44293558516740644,0.00025812776530140545,3.504726522579875e-05,1.1617499619749976,0.20348565644541008,1.077845,1.455106,1.077845,True,True
322.off,Mech,14991,29978,3,3.6443621182055126,0.4434209310160847,0.000257636141140744,3.660867518528843e-05,1.1628471474586048,0.12435378215232164,1.0783390000000002,1.455774,1.078339,True,True
323.off,Mech,14991,29978,3,3.631264788652319,0.44394020267379525,0.0002562931833878002,5.220574905775393e-06,1.1609512880217514,0.06722309280398307,1.0774629999999998,1.454591,1.0774629999999998,True,True
324.off,Mech,14812,29620,3,4.489578326381205,0.5885230805723262,0.0002777785592898098,1.6040656926614644e-05,1.6506872203615675,0.009563274357937902,1.353752,1.353552,1.353552,True,True
325.off,Mech,14999,29994,3,3.042929750125893,0.32126328486876143,0.00026123911731923036,0.0027477967792303303,1.128820649658152,0.30132748861007663,1.062463,1.6046870000000002,1.451343,True,True
326.off,Mech,14995,29986,3,3.4422921565950864,0.42115287146339714,0.00027090027498602334,1.3198688738527171e-05,0.8143605748009978,0.10028054751250345,1.5361729999999998,1.339543,1.15213,True,True
327.off,Mech,14937,29870,3,3.369466978331154,0.37723281690841703,0.00023392546741366795,1.0010848960558914e-05,1.6649652591743132,0.019596063064865353,1.290336,1.4400439999999999,1.203905,True,True
328.off,Mech,14994,29984,3,3.6191272161611407,0.44647912562923225,0.00026193567907757166,0.0019064630664263078,1.1907471764471067,0.20134863437645514,1.091193,1.473127,1.091193,True,True
329.off,Mech,14999,29994,3,3.6463713869849497,0.44466050379480176,0.00026093800344230645,0.0008504775257951969,1.1776970701109992,0.3009804805016546,1.085217,1.4650599999999998,1.0852179999999998,True,True
330.off,Mech,15000,29996,3,3.6514205494280425,0.44413189988325275,0.00026095991770008276,0.0021615834839503988,1.1762825641639998,0.41198703638587825,1.084549,1.4641570000000002,1.084549,True,True
331.off,Mech,15000,29996,3,3.2635272133765127,0.3156549580876503,0.0002677102051006631,0.058418927445479454,1.093572212791998,0.334593138008312,1.045732,1.56863,1.045732,True,True
332.off,Mech,14997,29990,3,3.0293757625466093,0.33837249319995905,0.0002492959530109539,0.0002913408782604193,1.096947392912999,0.026322886661368772,1.047296,1.570975,1.047295,True,True
333.off,Mech,14942,29880,3,3.2788141839414844,0.315161335542635,0.000263735302392848,0.00015610675205540811,1.0682071109750004,0.07030548903416596,1.033513,1.5503010000000002,1.0335130000000001,True,True
334.off,Mech,14997,29990,3,4.375947970219395,0.5559050885351446,0.0002533315174843759,0.006208858422113576,1.2509092659832401,0.13564153633940165,1.31764,0.922348,1.31764,True,True
335.off,Mech,14995,29986,3,3.6556436694048715,0.4429353456212428,0.00025830120381653066,3.507039512978165e-05,1.1625304528339986,0.20362237967090213,1.078207,1.455595,1.078207,True,True
336.off,Mech,15505,31006,3,2.0156424041949275,0.189744449076968,0.00013959391421597742,0.00014672112166885196,0.5586248687714106,0.004647845666979578,0.837668,1.465377,0.8376049999999999,True,True
337.off,Mech,11533,23062,3,2.8642395912599805,0.3458246695298076,0.0003871430205732545,0.0002368281765245861,0.6229855005027665,0.002713167177535836,1.765548,1.742503,1.0786850000000001,True,True
338.off,Mech,19403,38802,3,3.326149444454274,0.41060990202169895,0.00019167719827446465,1.4052809318739452e-06,1.0709986723869522,0.0035231953956517685,1.132921,1.495345,1.196424,True,True
339.off,Mech,15000,29996,3,3.263524277512344,0.31565440023483843,0.00026761713065358403,0.05839870321551254,1.093191596547999,0.3344768104618711,1.04555,1.568358,1.04555,True,True
340.off,Mech,14997,29990,3,4.375948079724095,0.5559052529926443,0.0002531412206304422,0.006204156604177693,1.249969660386249,0.13553964562871643,1.317145,0.922001,1.317145,True,True
121.off,Octopus,5944,11888,3,0.5796290700169918,0.012746468704175017,0.0001908323538048993,0.00011492136155543299,0.023547019503500796,0.000542953026394906,1.97836,1.463556,0.568014,True,True
122.off,Octopus,7251,14498,3,0.7148460681082477,0.01572205915359798,0.00016731998502490366,0.00016118038880079578,0.0070766993522607844,0.0004232309525931773,1.842136,1.515017,0.666084,True,True
123.off,Octopus,15493,30982,3,1.6262365650442798,0.07247519983131623,0.00010266509526414407,8.633192557760147e-05,0.038437846005081225,0.00034582095246097467,1.398538,1.092077,1.260949,True,True
124.off,Octopus,3101,6198,3,0.21093408582110387,0.0024852253146821924,0.00010768199345487911,9.477462308783577e-05,0.0017859486458048498,0.00031896081467043763,1.4456639999999998,1.778787,0.726113,True,True
125.off,Octopus,1343,2682,3,0.8843284944247888,0.029951631080103413,0.00036806548079053655,5.852632916074708e-05,0.006430112808563936,0.0008996301586132265,0.9774740000000001,0.857108,1.056538,True,True
126.off,Octopus,6325,12646,3,0.577301815993197,0.00875851039021722,0.00013431823772293538,7.758328418199249e-05,0.015589173999398706,0.000336985050542396,0.914941,1.7153100000000001,1.673111,True,True
127.off,Octopus,11906,23808,3,1.2834212604198856,0.04077671210632628,0.00013992162529752634,0.00011633803988520103,0.014736928228957615,0.00038992718788905526,1.525305,1.611088,1.014192,True,True
128.off,Octopus,6164,12324,3,0.5854571332815599,0.011025473679828285,0.00013335536832607107,8.758492041807339e-05,0.009194643967416039,0.0003388019456591624,1.345457,0.6208199999999999,1.675458,True,True
129.off,Octopus,6144,12284,3,0.5998888024406945,0.017178998798195583,0.00016684095259716605,8.953379045793474e-05,0.019411910006107404,0.00048050930174464815,1.848357,1.5652,0.771255,True,True
130.off,Octopus,7747,15490,3,0.7831305107927664,0.024582458701539894,0.00013778957789912664,4.818303314615308e-05,0.02150768412292568,0.00041569437994017457,1.458024,1.6508850000000002,0.8445750000000001,True,True
131.off,Octopus,11051,22098,3,1.342474935948381,0.04777717681212982,0.00013346050699843346,0.00016020355859423,0.030665953664816243,0.0006354381737883335,1.0843340000000001,1.459851,1.482176,True,True
132.off,Octopus,7812,15620,3,0.6972317794586228,0.02406606542187534,0.00016502506620455365,0.00012189713007725511,0.05084406564280599,0.0011815631059681206,0.513533,0.576561,1.922768,True,True
133.off,Octopus,10466,20932,3,1.0372660585519788,0.0359547796182379,0.00013125604100491754,0.00012321961036266627,0.023349981564065567,0.0008301288618835054,0.9661919999999999,1.627496,1.280903,True,True
134.off,Octopus,10932,21860,3,1.1061320896825502,0.03003428471255673,0.00014232509579338018,0.00012864487896977633,0.01259446748949493,0.0003383285794548962,1.3101440000000002,1.6771129999999999,1.0619299999999998,True,True
135.off,Octopus,15201,30398,3,1.6534063650987278,0.04610493997876742,0.00011474458305416232,6.158972374212313e-05,0.011303068849682197,0.00031809474476424956,1.142452,1.452442,1.202721,True,True
136.off,Octopus,14126,28248,3,1.5486126670412286,0.067200338731817,0.00010817492331265066,5.859006303686791e-05,0.014570900207448896,0.0002635761427626138,1.4047070000000001,1.351493,0.956705,True,True
137.off,Octopus,9124,18244,3,0.941344962340882,0.031259648571256016,9.051492678564875e-05,3.942031069805403e-05,0.01093199796748332,0.0002625523654600611,1.1291159999999998,1.324481,0.9981599999999999,True,True
138.off,Octopus,9594,19184,3,0.984239126840225,0.03877107752453089,0.0001312617210750505,9.01374201471681e-05,0.007829730933911972,0.0003348616127166259,1.599515,1.036464,1.1129609999999999,True,True
139.off,Octopus,8017,16030,3,0.8000938243989009,0.018670262914884356,0.00010948791616691184,0.00011272830100978457,0.002003261137090999,0.00025208130793287384,1.481083,1.4787530000000002,0.537595,True,True
140.off,Octopus,9200,18396,3,0.9527983473728903,0.026924013642893707,0.00013235765416799115,6.924968427605353e-05,0.018772494076682546,0.0003648058823414447,1.59324,1.598585,0.8494120000000001,True,True
201.off,Plier,4487,8970,3,0.46615117774177967,0.009409070548183527,0.00017511833018766978,0.00024576656259704324,0.03360470204499999,0.0008236549605177631,1.191802,0.164932,1.835687,True,True
202.off,Plier,4491,8978,3,0.4689005370109265,0.00941989831601003,0.00017520204113454234,0.00022393508688087937,0.038825366953500036,0.0008600316542076198,1.2015790000000002,0.164657,1.8315510000000002,True,True
203.off,Plier,3906,7808,3,0.48814260128385967,0.00993472032487974,0.00020551440980830156,0.0003135063435723703,0.03366896700320717,0.0005979976866633209,1.2124929999999998,0.164362,1.813083,True,True
204.off,Plier,4407,8810,3,0.4726464697829246,0.009676507015273518,0.00016181102840209094,0.00020171447710336677,0.01866971645094324,0.0005218917547994201,1.736696,0.154599,1.378365,True,True
205.off,Plier,4478,8952,3,0.4978164605856809,0.010208246845480993,0.0001952258129127577,0.0002152695089695226,0.02109910213870641,0.0005760679683945959,1.276904,0.171887,1.8736739999999998,True,True
206.off,Plier,4794,9584,3,0.5113004412801262,0.010528544319890728,0.0001756159028845547,0.0002410121376562297,0.0519728457805,0.0006505765276880495,1.255816,0.16380499999999998,1.8143340000000001,True,True
207.off,Plier,5202,10400,3,0.5651073538810637,0.012153619360939552,0.0001669218881072526,0.00018727362518812708,0.06679733414749985,0.0006869094573046632,1.3928,0.15867599999999998,1.752701,True,True
208.off,Plier,6104,12204,3,0.6578403777769213,0.014932534735935869,0.00014047209177476126,0.00015826621476967948,0.0707424991016421,0.0006028582516488985,1.495975,0.16086099999999998,1.614306,True,True
209.off,Plier,5110,10216,3,0.6325448761686471,0.014131952001442821,0.00016158868288363047,0.0002323118158761663,0.05828251730812703,0.0005756947324830555,1.615475,0.15956700000000001,1.479387,True,True
210.off,Plier,5508,11012,3,0.5764784910447094,0.01260391662545169,0.00014636395170384455,0.00011898609762787086,0.058011663995500104,0.0006203069089775732,1.672086,0.16429100000000002,1.4324729999999999,True,True
211.off,Plier,4284,8564,3,0.5143443333418883,0.010720655305171557,0.00017629503233249408,0.00027731322754476846,0.029013211745583998,0.0005878453962868891,1.713292,0.151997,1.4181210000000002,True,True
212.off,Plier,4298,8592,3,0.44528585299716117,0.009225673777974171,0.00016393950678912056,0.00017621780734630954,0.030670317051909618,0.0005901889585267431,1.778564,0.15973700000000002,1.376048,True,True
213.off,Plier,3963,7922,3,0.48108447785483527,0.009825968534895079,0.00018390850141473969,0.000206094745989233,0.014376544169343839,0.00043061279958631494,1.187602,0.157025,1.740234,True,True
214.off,Plier,3804,7604,3,0.46392371914770525,0.009359593302937862,0.00019841593997992147,0.00020044125643842246,0.015518001033505688,0.0004752058887908304,1.193598,0.164355,1.803375,True,True
215.off,Plier,4463,8922,3,0.4658402240547905,0.009335590948487063,0.00018078678986416645,0.00024945413303360657,0.032416147664999964,0.0007690799470387873,1.210511,0.167522,1.860784,True,True
216.off,Plier,4478,8952,3,0.467140678747675,0.00934170948286659,0.000182617700984783,0.00023339970669663846,0.03608537968685735,0.0007338442661833681,1.2168290000000002,0.168461,1.8707150000000001,True,True
217.off,Plier,5201,10398,3,0.562895627819496,0.011975108174908263,0.0001688026604704874,0.00019427133213329654,0.06729805040050002,0.0007196186890711111,1.2716850000000002,0.160036,1.7658369999999999,True,True
218.off,Plier,6198,12392,3,0.6578667771954532,0.014851922958818023,0.00013839264099091365,8.166233388274757e-05,0.07569342358749956,0.0006397283987771904,1.263951,0.159861,1.6145749999999999,True,True
219.off,Plier,3942,7880,3,0.5298846364701657,0.010099688186085178,0.00016419047938336312,0.0002555984681340372,0.034741074802347144,0.0005315418630982411,1.545913,0.13956000000000002,1.562595,True,True
220.off,Plier,4457,8910,3,0.561828444117768,0.010953448463100516,0.0001560949500138757,0.00023158128053405442,0.05220737857073272,0.0006146451214246225,1.573372,0.14335,1.4700250000000001,True,True
141.off,Table,13926,27848,3,1.6921216798047385,0.029857362182009593,0.0001715948604133481,0.00023253711770687864,1.6053577697827277,0.007868122945170745,1.68048,1.092146,0.858125,True,True
142.off,Table,9802,19600,3,0.9619866246500316,0.010960596295290557,0.00019292574042607436,0.00031597756639984115,1.3714384690112253,0.004732105657854365,1.9826160000000002,0.31159400000000004,1.005018,True,True
143.off,Table,9270,18536,3,0.9071909410155442,0.010315622777393124,0.00019218946338518607,0.00031847887076913163,1.3589316019761903,0.005157975320436468,1.9816340000000001,0.310966,1.0046689999999998,True,True
144.off,Table,15082,30160,3,1.4700989388001453,0.020645646223728324,0.0001916264811558115,0.0003098973275902607,2.2885851228805474,0.013366639386520884,1.9827599999999999,0.448856,1.611144,True,True
145.off,Table,13206,26408,3,1.992472051909052,0.041033494246482054,0.00012208789410909218,0.0001257088767056709,1.0099847577699876,0.002665797262157018,1.2720609999999999,0.975999,1.272035,True,True
146.off,Table,13714,27424,3,2.439473389157858,0.07269897324421917,0.0001834218964062012,0.0002017254735128415,0.4629804571187649,0.0015067314741500002,1.4357600000000001,0.981374,1.435962,True,True
147.off,Table,13705,27406,3,1.981018837277104,0.0575288836441964,0.0001896853716898303,0.00021604094868885558,1.8027805726857173,0.007431373911758979,1.619892,0.73254,1.6199270000000001,True,True
148.off,Table,13375,26746,3,1.9710729588544165,0.042756726723785235,0.00028561259312465744,0.0002944502076527115,2.6718964460320724,0.008456331791322758,1.968556,0.600627,1.968642,True,True
149.off,Table,13588,27172,3,1.829196408611656,0.04069770618175785,0.00026038652326775344,0.0002556424280374753,2.6741639848722087,0.00957975935478124,1.965859,0.5970190000000001,1.9667080000000001,True,True
150.off,Table,13579,27154,3,1.5930941187050467,0.03095617662394205,7.53271897349499e-05,9.03666589333068e-05,0.5734184686965355,0.00188450978493612,0.933865,1.1331099999999998,0.9336960000000001,True,True
151.off,Table,12696,25388,3,2.6232176833078835,0.06439478076161528,0.0001849588950468024,0.00017519904579975604,1.460702975070297,0.00482593237752638,1.3373179999999998,0.597011,1.337934,True,True
152.off,Table,10543,21082,3,1.0288097859207344,0.019293516952579748,0.00013228010164847634,0.00022214139704643913,0.8490708521803998,0.01474087231097211,0.6447560000000001,0.7092219999999999,1.646401,True,True
153.off,Table,13581,27158,3,1.7454658724549261,0.030997065125166482,0.00016563452950058154,0.00019492932101938777,1.63721480323705,0.006002242849175062,1.182175,1.605346,0.567774,True,True
154.off,Table,13929,27854,3,1.947106063848974,0.0478451738273872,0.00017688550716214615,0.00019260390059261807,0.007904943946260207,0.000620556118516686,1.5297749999999999,1.590725,0.9477530000000001,True,True
155.off,Table,14384,28764,3,1.5751564825495479,0.027782235630877176,0.00020051370777814527,0.00023355486373282324,1.9002352562769067,0.005884242765765238,1.913528,0.921137,1.425513,True,True
156.off,Table,10100,20196,3,1.016742673317549,0.013436505986205438,0.00014078483945988848,0.00019358885239627503,1.0286479452591217,0.0058531044802380885,1.672265,0.6715139999999999,1.442901,True,True
157.off,Table,13883,27762,3,1.9041991671766678,0.04794659399462433,0.00026018384633189973,0.0002713151749851259,2.678439409925507,0.007630438502282513,1.936362,0.785578,1.947643,True,True
158.off,Table,14587,29170,3,1.5163028736349466,0.025949177723536374,9.75072759062183e-05,0.0001608416196529764,0.8180465203067613,0.0029679993357563006,1.292189,0.9623430000000001,1.3696000000000002,True,True
159.off,Table,13930,27856,3,2.132901273571186,0.038418719569285324,0.00017238347626337457,0.000149637985942071,1.7344313441518517,0.005393014121380952,1.3398210000000002,1.500451,0.649798,True,True
160.off,Table,10082,20160,3,1.0676860141532831,0.012069571078301887,0.0001260464515085096,0.00018928009410715642,0.5515979800000169,0.009083084661652465,1.100105,1.542726,0.458112,True,True
161.off,Teddy,13826,27648,3,1.598027535825629,0.10279494689762797,0.00016139654338610834,0.00012684234710212724,0.026120641135419485,0.00040097324935429855,1.3500709999999998,1.67104,0.656103,True,True
162.off,Teddy,10096,20188,3,1.1224844310042834,0.06360766885635614,0.0001943773924512243,0.00018687145957458267,0.017687764170999633,0.00045036470232240344,1.030474,1.869732,0.93845,True,True
163.off,Teddy,10879,21758,3,1.2116403045342197,0.06895432416416036,0.00019343795978466654,0.00018140181490926776,0.0346345970177055,0.0004758584801654919,1.207782,1.863775,0.841098,True,True
164.off,Teddy,14509,29014,3,1.6146910222481365,0.10646862568868297,0.00015590848456550048,0.00013590189789153127,0.021435660257309936,0.0003777330901162709,1.302553,1.6737630000000001,0.7947500000000001,True,True
165.off,Teddy,10233,20462,3,1.1371747167575477,0.06385077467118523,0.00020108369527207403,0.00019077464714482829,0.0259853776769943,0.0004888790049125758,0.993852,1.902168,0.784294,True,True
166.off,Teddy,11090,22176,3,1.2493540420645388,0.07100320867669674,0.0001872954176433199,0.0001725350629081137,0.0314955365557885,0.00044460752826422384,1.2757399999999999,1.823318,0.892458,True,True
167.off,Teddy,12647,25290,3,1.4005694672096163,0.0837659862764052,0.00016411915922374436,0.00016462970676016728,0.011067486237801587,0.0003964273431372001,1.2440000000000002,1.721479,0.907538,True,True
168.off,Teddy,10752,21500,3,1.2044550743419755,0.06951565433000338,0.00019089181495647952,0.0001974016743600789,0.02181219972313389,0.00046125232103332926,1.205767,1.8459400000000001,0.652934,True,True
169.off,Teddy,12561,25118,3,1.3775373476986923,0.07761854990832086,0.0001807601526014564,0.0001893654138046535,0.02999871600592488,0.0004747321763357382,1.585265,1.815483,0.585582,True,True
170.off,Teddy,12500,24996,3,1.3741313417493062,0.07770981843977469,0.00016705927782180793,0.00023823637674244493,0.028996565814265542,0.00042053124975198556,1.522691,1.7432370000000001,0.557333,True,True
171.off,Teddy,14905,29806,3,1.2505023858400481,0.0671230753897417,0.00013551478999794512,0.00011548489808677073,0.022669160533391585,0.0003273393734007545,1.0580340000000001,1.797227,0.885129,True,True
172.off,Teddy,10141,20278,3,1.1357997114486738,0.06535026238529405,0.00020721611913372055,0.00020298855482124486,0.027721950299129855,0.0005071987704821984,1.005857,1.9234170000000002,0.9821799999999999,True,True
173.off,Teddy,13867,27730,3,1.537595046123914,0.09558845865186377,0.0001411131790493916,0.00013815859887594193,0.015332309533460568,0.00032329926390769874,0.900467,1.595283,0.907945,True,True
174.off,Teddy,12831,25658,3,1.0954351058402323,0.05635792733154557,0.00013121251252727023,0.00012064950534599703,0.020595559237571177,0.00031029034090728603,1.304528,1.753096,0.733116,True,True
175.off,Teddy,9480,18956,3,1.0930670369170863,0.058740202536670526,0.0002084951489435056,0.00019162013423266788,0.008385082241196612,0.0004939630165505498,1.197565,1.901507,0.82036,True,True
176.off,Teddy,12500,24996,3,1.6331624126970983,0.10054296005090888,0.00017415800828053584,0.0001593963697183115,0.0180141494017406,0.00040483294923155977,1.4219119999999998,1.632647,0.936437,True,True
177.off,Teddy,12543,25082,3,1.4534636579277063,0.08620962420823512,0.00016289011149446308,0.00014726954561356635,0.023938659441218035,0.0003940478086252058,1.217235,1.676588,0.9098090000000001,True,True
178.off,Teddy,12175,24346,3,1.415201303250616,0.08700282570854241,0.00015730880473598013,0.00015607448819813418,0.02481766022477961,0.00038537586039749883,1.099831,1.6450580000000001,0.899702,True,True
179.off,Teddy,13324,26644,3,1.5436638843782553,0.09625707957754062,0.00015932549688773182,0.0001451595984377424,0.025736845369226997,0.00039718411685395373,1.309065,1.6583109999999999,0.9313500000000001,True,True
180.off,Teddy,9548,19092,3,1.0940613083727697,0.05865840954317275,0.0001887533541701688,0.00018191612820807996,0.022004384416670787,0.00046831171516644257,1.211794,1.814898,0.5697909999999999,True,True
361.off,Vase,14859,29734,3,1.4126921254618858,0.067844156715592,0.00017936161535980305,0.00012058352248078087,0.040657530671283214,0.0005193056118755428,1.008861,1.942977,1.044893,True,True
362.off,Vase,14476,28952,3,1.34015111717308,0.06638642679916823,0.00012351489380658132,0.0001215224739355786,0.016323889754650853,0.00034497482676144463,0.738683,1.633511,0.7373810000000001,True,True
363.off,Vase,13434,26864,3,0.7911831068439011,0.04533471075618571,8.036977681826099e-05,4.523389663636334e-05,0.005376493187796632,0.00020754632185430666,0.606193,1.651936,0.594705,True,True
364.off,Vase,13548,27100,3,1.6190549390249802,0.08097934680603443,0.00016295822048671956,7.373531344374088e-05,0.04977393315531917,0.0006885964175649042,1.651551,1.230085,1.083688,True,True
365.off,Vase,13514,27028,3,2.679547372597208,0.3247581296035201,0.00028475618427013604,0.00018815639587067107,0.05002396381941382,0.0009682244409822519,1.694778,1.354556,1.69009,True,True
366.off,Vase,10637,21274,3,1.3000422002199035,0.0918601696840297,0.0002078812050428451,0.00022381327250401768,0.002639420631964744,0.0004552377777778488,0.915131,1.844393,0.941354,True,True
367.off,Vase,3900,7800,3,1.2954359703293417,0.10842158263358671,0.0005690391723487307,0.0005837004419849712,0.10161848527428265,0.001515484032768474,1.8510170000000001,1.189716,0.938042,True,True
368.off,Vase,11202,22400,3,2.5374378490546228,0.3090210972108451,0.00020304748619412338,0.0001334819903979988,0.008614566295123442,0.0005294765272828793,1.074485,1.338829,1.228824,True,True
369.off,Vase,13606,27212,3,1.8602449863086663,0.17304727543885023,0.00020765608075536205,0.00014190035754893266,0.03117054536170419,0.0006414612278538432,1.14433,1.74288,1.1496439999999999,True,True
370.off,Vase,13920,27836,3,1.4715312401278693,0.1356794444774703,0.00017676539151241925,0.0001702128605647937,0.006642940655974903,0.0004223557141921332,1.112663,1.8285939999999998,1.1107230000000001,True,True
371.off,Vase,14599,29194,3,1.6954597590736233,0.16860851957651474,0.0001752685621923759,0.0001014386308802934,0.022506259182074582,0.00045383834715171804,1.131684,1.737221,1.137024,True,True
372.off,Vase,6684,13368,3,1.4364013405681122,0.11434204131975438,0.00023726396633780387,0.00017294498788149423,0.21853836116948513,0.0007312791814418672,1.4859740000000001,1.168686,0.767334,True,True
373.off,Vase,10556,21112,3,1.1081423735839744,0.07248800799797127,0.00018636404677081328,0.00018295007865760945,0.008257772441071395,0.00043156734736628477,0.7986759999999999,1.884291,0.81694,True,True
374.off,Vase,14872,29744,3,0.9903445159112413,0.05296786516175718,0.00012394364784607982,6.098021954715661e-05,0.006898280296647755,0.0003509407871084741,0.6795249999999999,1.929384,0.675355,True,True
375.off,Vase,11762,23520,3,0.9058499570957336,0.04918952472236089,0.0001358837003157778,0.00010029705200498733,0.03149066634919779,0.0005085782265541203,1.8783400000000001,0.6926019999999999,1.10368,True,True
376.off,Vase,12568,25132,3,1.5461946985014772,0.11026339805770971,0.00024368966957711514,0.00013816297200937148,0.07070124952590792,0.0009845156594865201,1.990215,0.7951079999999999,1.552376,True,True
377.off,Vase,15169,30342,3,1.2083119730676304,0.08199035859768768,0.00011019879110195585,4.772471314864583e-05,0.014150710834241844,0.00034215002717684286,1.051351,1.6634929999999999,0.65056,True,True
378.off,Vase,6684,13368,3,1.4428973065187767,0.10939295237855358,0.00023777432612011304,0.00026990952177339503,0.008238434605142928,0.0006085013630247475,1.484219,1.160249,0.7544500000000001,True,True
379.off,Vase,6923,13842,3,1.2782037158058501,0.10757702304527406,0.000312206794906006,0.00033201061021409707,0.16925886358387904,0.0009188216471529562,1.838741,1.178423,0.930613,True,True
380.off,Vase,9356,18708,3,1.9326140035487067,0.10440856003614131,0.0002634853169964247,0.0002995159378260371,0.31607206538350047,0.0023252816694961116,1.1335250000000001,1.5970529999999998,0.863315,True,True
