Mesh,Class,Area,Volume,Compactness,Diameter,Sphericity,Eccentricity,Rectangularity,Convex Hull area,Convex Hull volume,Convex Hull V/S ratio,Hull Facets num,Convex Hull compactness
61.off,Airplane,0.4960780812666447,0.00969452776621919,11.48535503315989,1.0002962820862695,0.08706739992911448,27.34573373110486,0.08660275594845343,0.8192893906585114,0.034389465144042265,0.04197474730681111,32,4.111580303810309
62.off,Airplane,0.5559322401285891,0.014628120181597057,7.099637412920114,1.000852259294769,0.1408522635508361,23.091446994499073,0.09543176638497547,1.0576341733532448,0.04811962577000416,0.04549741960156239,38,4.51761866431041
63.off,Airplane,0.5433903177538596,0.013253980793915812,8.075894559567743,1.0000697734355406,0.12382529175238816,21.52324585788678,0.08619039350963185,1.0771822064920777,0.047343114595949254,0.043950888076888635,33,4.930619484633642
64.off,Airplane,0.6736079305397706,0.016020939061682702,10.52914882324945,1.0048474431635894,0.09497443874968284,31.829259895093873,0.08585165896553348,1.1593428840777316,0.06035549324333432,0.0520600885831526,29,3.782245560145313
65.off,Airplane,0.6257567515266669,0.013069417003979046,12.683871350993341,1.0000001197317416,0.07884028246010905,35.82990616332528,0.06810681094518356,1.277628277508407,0.0597000388222485,0.04672723660959803,12,5.1738275092266175
66.off,Airplane,0.7512884199455241,0.01278256260464072,22.947313782126106,1.0078229750422678,0.04357808541315673,60.38737455065883,0.08155978721195063,1.1791374128668806,0.047614414154502994,0.040380716984237064,12,6.393872829944114
67.off,Airplane,0.7929116934805047,0.018819366346198862,12.445492903611846,1.01757059164287,0.08035037324313501,33.781962661735825,0.08186784947395816,1.3075067225085952,0.06855959048439642,0.052435363661348766,21,4.204777196458065
68.off,Airplane,0.5472781105553676,0.009803888711630541,15.079089370916448,1.0637243713417168,0.06631700200203959,33.83776030986728,0.04517749268527391,1.168379168174841,0.05449296238347637,0.046639792858170694,11,4.74917535826484
69.off,Airplane,0.6240545639198075,0.012570817149828157,13.59841524742388,1.0002899470912672,0.07353798084592561,34.20314327296051,0.09662366576197688,1.114058316160671,0.04807342658389031,0.04315162490735996,22,5.290067862456203
70.off,Airplane,0.5155519245004837,0.007622164319382208,20.85490661336507,1.0020691717192096,0.047950346579789534,82.3011251543572,0.05984761403300412,0.9530848455072741,0.04322690264058444,0.04535472664826305,13,4.09669925638668
71.off,Airplane,0.5563609868167567,0.011234043710240863,12.065502505295916,1.0000320496285753,0.08288092431799418,27.97934883236023,0.06958167032544242,1.0820905371561476,0.04876363886061043,0.04506428730886661,24,4.711359144136344
72.off,Airplane,0.4906934112751965,0.00854251806207826,14.315499127314958,1.0001078349427823,0.06985435793097365,40.84208842967108,0.06443580171113855,1.008841279493213,0.041218806529045374,0.040857573304049835,23,5.343494093640984
73.off,Airplane,0.4825828755444225,0.008681344001135979,13.185281796809042,1.0006265084985535,0.07584214091215018,36.93997346531619,0.056034745224603985,1.0273596996982024,0.04330710225369307,0.0421537872922356,14,5.112071890949405
74.off,Airplane,0.4823995360319843,0.009758241357929626,10.423778146799368,1.0000422260089794,0.09593450531245727,35.46122695341061,0.07344370551569074,0.869458217227487,0.035486108372053675,0.04081404680400992,18,4.615056545308155
75.off,Airplane,0.8486794184595918,0.01849818754828513,15.79502363977217,1.0100473487876434,0.06331107966701494,34.84429532419866,0.10425851352499863,1.3465588001358268,0.0607325976309368,0.0451020762144295,16,5.853018273364577
76.off,Airplane,0.5933253921753421,0.014670101169384768,8.581440856746255,1.0079323638375968,0.11653054733971105,37.22189898279345,0.07640664244586709,1.101783743829986,0.05372575822979425,0.048762525795701485,25,4.097053176001876
77.off,Airplane,0.6433344322648618,0.013748521792368832,12.455065109800577,1.012809699181009,0.08028862082889676,36.54181303041326,0.06121186656623019,1.268395945200588,0.061510001378908476,0.048494321991214735,24,4.7689271481156315
78.off,Airplane,0.7228394484212236,0.014264844181148182,16.411153205498326,1.0186221838335303,0.060934170041442554,40.795330677686266,0.05404091979367387,1.481360966689882,0.07642365540123743,0.05159016412590306,21,4.9212418036361925
79.off,Airplane,0.6317916798805202,0.011375228985274443,17.23252978851102,1.040439263924772,0.05802978507930409,24.378473361936393,0.0462946313441404,1.3217324358753988,0.07151945658385367,0.05411038924567626,30,3.99144232565951
80.off,Airplane,0.6910135065358501,0.012954347808640142,17.385057392032103,1.019194840846486,0.057520661419174765,26.719743849370825,0.0551881332353845,1.3191626897781017,0.0699599798077663,0.05303362530631789,18,4.147088985426962
100.off,Ant,0.8371121107922661,0.01911753391393326,14.191711148699824,1.0065051224642434,0.07046366639808725,6.088241363921695,0.076681827926142,1.372959030567458,0.1133963192880903,0.08259264607569713,12,1.7796001934250747
81.off,Ant,0.6544017319243581,0.01554023176480215,10.260439494044446,1.007908649961008,0.09746171210116666,9.462460213909111,0.06920759106508147,1.164617231444811,0.08975067843187357,0.07706452902171976,17,1.733890954519882
82.off,Ant,0.8746028682384955,0.024381400725287283,9.950914928444249,1.0213462468753052,0.10049327194442638,7.876887071932458,0.08330276292903684,1.5246587417434523,0.14101611199868017,0.09249027873439257,15,1.5758979775863036
83.off,Ant,0.6654491735164786,0.016459684484921782,9.617214102401563,1.008115566001313,0.10398021603265388,15.263777033706528,0.08468298716441554,1.1301219583912263,0.07740660597528656,0.06849402880860571,19,2.129940716609845
84.off,Ant,0.7231836446733391,0.01679533542380136,11.85539559587097,1.0367207705546766,0.08434977912911508,7.0833588035462185,0.05707894909521869,1.4668414504062015,0.12465905012981329,0.08498467922030181,10,1.795765077213953
85.off,Ant,0.8786625361759219,0.023245871640743352,11.099982259790925,1.0569408543147447,0.09009023407383676,23.562251060012624,0.10419866909974128,1.2813237520910348,0.088079900630997,0.06874133136707758,16,2.3975662964849893
86.off,Ant,0.7333222167333656,0.020153185728083427,8.585087773166208,1.0103770279769904,0.11648104555501787,9.572261475432958,0.11992934521843465,1.0979279316063288,0.07793070515292162,0.07097980013943604,25,1.9268677856132865
87.off,Ant,0.7878731677476786,0.022493975625204544,8.54641773492513,1.0349620701271158,0.11700808818570584,10.994324760933777,0.060669561168823695,1.5694077657683874,0.14261008420063906,0.09086872596862465,11,1.6805620249460262
88.off,Ant,0.8543555393745764,0.02303750714989344,10.389450525882005,1.028016463853398,0.09625148101035938,7.8851523036017594,0.04985250355803519,1.7497702034313183,0.16327535854176883,0.0933124579568129,9,1.7768443451759968
89.off,Ant,0.7891692624263555,0.01757357074891144,14.071425076394755,1.0108372058562791,0.07106600749895123,14.562826316159258,0.09222530162801354,1.2245309226287941,0.0884069875226213,0.07219661495589777,13,2.077225819687987
90.off,Ant,0.8273438873311523,0.02163487486624219,10.69786317323081,1.0199819052023902,0.09347661152577584,7.201188089070995,0.07566083870552721,1.510228737443099,0.12675249523298757,0.08392933606043451,12,1.8956701930831592
91.off,Ant,0.9127129290743901,0.026213563008731053,9.783587280511286,1.0265046651014562,0.10221199763730635,7.489189860701067,0.07763769175491418,1.7155929698542296,0.15849370275111607,0.09238421090323246,10,1.7773230659471677
92.off,Ant,0.6008683731054512,0.014633105605111128,8.95803281471455,1.0123934058473918,0.11163165180165344,16.11378695277675,0.08926740138530141,1.0055672361316512,0.06352726105265531,0.06317554785997241,22,2.2277205311251533
93.off,Ant,0.8435762829719763,0.0247691185191138,8.651663258372842,1.0174781988556585,0.11558471130186758,11.56080668392166,0.0892585305612733,1.4990441880463883,0.11162907372544731,0.07446683334326962,12,2.3902112668852333
94.off,Ant,0.7658321643849805,0.016428478490834876,14.714779102446341,1.0000457760393209,0.06795888630320991,21.69005982317528,0.06341867507664296,1.38046637396767,0.08262136531841216,0.05985032803149403,11,3.40753549792287
95.off,Ant,0.7737173274394082,0.021617259610951838,8.763817379401521,1.0186883654929004,0.11410552693058168,23.028698972099992,0.11111199464133509,1.154352476443489,0.07654232372186283,0.06630758393457645,16,2.3214517316000807
96.off,Ant,0.9006038832031583,0.02123702747284904,14.320613194955028,1.0361963009110042,0.06982941207798891,24.45406522870441,0.1158668556345322,1.3672869891946573,0.0744032709153247,0.0544167182920016,12,4.082654354107464
97.off,Ant,0.8556546180676192,0.01991044550777781,13.97272677831035,1.0448993195842302,0.07156799212250287,21.8756332262225,0.1345291112742916,1.2371651977835976,0.0750507287470069,0.060663465866532255,17,2.9724932896974074
98.off,Ant,0.6438316344041961,0.017139715914515914,8.032621865681195,1.0048753039010345,0.12449235339614688,14.06107812155439,0.09715424702564143,1.043335071674921,0.07124756095554129,0.06828828330400492,17,1.978240289795161
99.off,Ant,0.7222125127480293,0.01519679957091707,14.422428046293376,1.0141727956204243,0.06933645269646564,10.888790601982816,0.05271308457590803,1.4437977549112724,0.10621627155635249,0.07356727851601344,10,2.3587646353803566
281.off,Armadillo,1.7271789834717106,0.07724828820454245,7.634523428688028,1.0341520459992184,0.13098394540808256,3.955912194523987,0.19226287129402952,1.5591571579669468,0.13642434788505056,0.08749877918845606,7,1.8006675248450108
282.off,Armadillo,1.2531951538802204,0.047200813183953715,7.810966682043871,1.0766421317336112,0.12802512681289957,5.628199686447667,0.16630975690133365,1.4354974366646465,0.12817184758461359,0.08928740958424744,13,1.5920972828501034
283.off,Armadillo,0.739408207136085,0.020159788133350853,8.794851271115961,1.0236175703335866,0.11370288924432397,14.325371632644853,0.12786189440544496,0.9273931019898127,0.058110794214018546,0.06266036925370282,6,2.0884572419124523
284.off,Armadillo,1.6458012904138957,0.07239560661447422,7.520650369747919,1.013709475682857,0.13296722368886277,2.667189105402174,0.16210557825779118,1.6622911322649658,0.16194304819979094,0.09742159183580217,19,1.548617888399213
285.off,Armadillo,1.5866088515987862,0.06670376189324176,7.937003833736312,1.0639119085295323,0.12599212762749218,4.584719673806655,0.17507096303746925,1.9042764910034733,0.19864025708302716,0.1043127182536146,23,1.5474018333055366
286.off,Armadillo,2.550898398393623,0.12885251105141635,8.83977756626104,1.1384007427575928,0.11312501841864443,2.159044257594294,0.18292780405849904,2.529985125394206,0.32513575379674464,0.12851291121566735,18,1.3544783595949914
287.off,Armadillo,1.9300485964760008,0.08616043257874377,8.563210455586603,1.101078328057429,0.11677863170437487,3.408762081577168,0.18696328794343228,2.0014023678509427,0.21535137360098117,0.10760023924235697,11,1.5284652235760725
288.off,Armadillo,2.0455056882563145,0.09670486260002632,8.091947878511577,1.1341300183051843,0.12357963929247882,1.9910252173660996,0.13140999596518413,2.4218935148615337,0.2986482902275171,0.1233118997160334,13,1.4082919406749623
289.off,Armadillo,1.1268093736785354,0.038436452609706094,8.562732608081081,1.0868682237547975,0.11678514859336489,2.6454764170969516,0.06640474532972114,2.090347200260811,0.2215595053091606,0.10599172485868223,9,1.6452130063502013
290.off,Armadillo,1.3450219884050982,0.0466282137362323,9.895510914995867,1.0515745524642075,0.1010559241043915,4.403029012858039,0.14376950279020373,1.3425501682767607,0.11226228117752912,0.08361868616174256,12,1.6977411327647647
291.off,Armadillo,1.1404778786433576,0.04205929094690114,7.414542013015464,1.0025196422916756,0.13487009693175966,5.498399120073017,0.19328060872953098,1.1409456861550822,0.09271236471789963,0.08125922718576963,15,1.5278025194403073
292.off,Armadillo,1.7435738240374588,0.08249758523869928,6.8863037385579595,1.0696129519324058,0.14521578454356807,4.207414898014468,0.18620687916431458,1.8234345442968767,0.17374248568041822,0.0952830943253924,9,1.7758492644463728
293.off,Armadillo,1.189768022154727,0.04677359467628689,6.806643531552889,1.063258741118199,0.14691528877109522,5.622157997553258,0.16938656234148067,1.3654441240393147,0.11833889154105771,0.0866669601909323,12,1.6073647177251211
294.off,Armadillo,0.6825012988933904,0.019075502408993833,7.725135448662845,1.019212275916813,0.12944756847895675,15.72556584477592,0.14635822456119077,0.855457486590302,0.05177230042278799,0.06052001558738234,8,2.065132852291111
295.off,Armadillo,1.3711825305086756,0.06433463241690257,5.507364150040844,1.0158006821242331,0.18157506436043164,4.760703996170456,0.16552527009508183,1.4226159559322729,0.12487962863101934,0.08778168704651064,18,1.6324032683735514
296.off,Armadillo,1.4012371931646244,0.062456365737160964,6.236331267469524,1.0774858547876527,0.16035068650318243,7.410187094024012,0.21242163316282447,1.686769937633568,0.15281408514815945,0.09059568927493929,15,1.8171400970224454
297.off,Armadillo,2.1830052625461764,0.11789872371035087,6.617497212208142,1.024590925669871,0.15111453287130552,2.5572968444606357,0.2590989617948815,1.6787987055705855,0.17568746953453696,0.10465070585983373,36,1.3553826695832547
298.off,Armadillo,1.8065099192007181,0.08410147927083504,7.369896837253499,1.105885541362049,0.135687109613961,3.2474129255774007,0.18255843205699582,1.956409076150304,0.20739112540452398,0.1060060127162234,12,1.5393816195818755
299.off,Armadillo,1.912098452529377,0.09326931812159503,7.105600283637969,1.173504380910174,0.14073406328564458,2.059610173055266,0.129156046820154,2.512203168437126,0.30898771834992944,0.12299471723943199,16,1.468349598261474
300.off,Armadillo,1.0654869487044776,0.03778414972538476,7.491567941747966,1.0992632697883238,0.1334834053132375,2.4245826012141167,0.058477835790352956,2.071570910156206,0.21966550301741816,0.10603812881348791,10,1.6290083842483167
341.off,Bearing,0.7551210603663662,0.03231726317146995,3.6452576124498934,1.0142873431224417,0.274329034135923,16.49611280065496,0.35764775643914865,0.7903679214559652,0.04278279067508509,0.054130221525531264,51,2.3850490938176776
342.off,Bearing,0.7551212907088006,0.032317252461861214,3.64526336430869,1.014287379272243,0.27432860127231057,16.496111939625187,0.35764692488270544,0.7903683428715419,0.042782819589530216,0.0541302292474076,51,2.3850496850275364
343.off,Bearing,0.7551212544239845,0.03231725087234267,3.6452631974093563,1.014293300049154,0.27432861383251766,16.496336821117062,0.35764006539711946,0.790377349537795,0.04278356240776524,0.05413055223911041,51,2.385048400977936
344.off,Bearing,1.3079917501470204,0.08847419497401511,2.5277225423929246,1.0579811165498056,0.3956130402877714,8.288684738435538,0.48807040074511665,1.3496375143435135,0.10708227562678357,0.0793415079891805,13,1.895674930565748
345.off,Bearing,1.3147803755869425,0.08800143059387798,2.5949428732785442,1.0579984025002427,0.38536493820249845,8.200078284310438,0.47013810668611306,1.355586314149456,0.10824229899966128,0.07984906447478886,15,1.8799016872357508
346.off,Bearing,1.3140294740246703,0.0884120222549909,2.5664942635049726,1.0570368953813782,0.3896365615227733,8.055065765643148,0.4654200373563723,1.3506541318254788,0.10822674647155733,0.08012913441080827,17,1.859991139508118
347.off,Bearing,1.2850406121109066,0.09803318216851052,1.952324417428741,1.0480084805375247,0.5122099539773336,7.169914896008718,0.6959710772617155,1.282386393766961,0.10205146409853094,0.079579340980653,91,1.7904650640886444
348.off,Bearing,0.476672927240143,0.01579308059591902,3.839506290436989,1.0051604568178085,0.2604501527945631,33.13057467514684,0.6715083644314245,0.48208855969158015,0.016947083779649555,0.03515346597415957,102,3.449357039734355
349.off,Bearing,0.4766719663868815,0.015793031901118536,3.8395067486974304,1.0051640469607448,0.2604501217087988,33.239249262417204,0.6717746757587714,0.48155757535376886,0.016909677173788808,0.03511454920289931,80,3.4531993535051693
350.off,Bearing,0.4724296830641315,0.015736727005531775,3.7646996627448184,1.0044099435600229,0.26562543883538015,30.179375369410433,0.6556068242310173,0.4790540384430648,0.016842933679676896,0.03515873435576656,101,3.426617797825789
351.off,Bearing,0.7748086757985111,0.036733004250732865,3.048022393937595,1.0219174580064565,0.3280815790556406,12.565052141888252,0.4563532234828049,0.8358652837878124,0.04759029359280742,0.056935363288623426,19,2.279920598123521
352.off,Bearing,0.7816217267717481,0.03812317293515596,2.9050888343541112,1.02182650856339,0.34422355288227535,12.300019977161668,0.47045104735121523,0.8335862866282133,0.04767360505495616,0.05719096609397438,155,2.253426110354233
353.off,Bearing,0.4210722247318713,0.011864137045470905,4.689700433128501,1.0027966122144505,0.2132332361649163,23.115415075206677,0.2704515604740332,0.49967738159056224,0.02028362668716157,0.0405934457601326,98,2.6811769802028866
354.off,Bearing,0.6154073614888613,0.024138195324135157,3.536926972384842,1.0228159360472229,0.2827313110526934,22.54674926611233,0.3009828677368271,0.765086070751935,0.03949906557335292,0.051626956865824004,13,2.538077440030338
355.off,Bearing,0.40976515777466777,0.012075596582059495,4.171915639713508,1.004954616996219,0.2396980395482473,49.70529296869042,0.7820723655705458,0.4089979591854837,0.01206644271187704,0.029502452129363355,69,4.154823112086126
356.off,Bearing,0.4097295572171365,0.012075607344685449,4.170820926519128,1.004909795179831,0.23976095296773559,49.53351839045476,0.767533735706378,0.4089406805810644,0.012064101717668321,0.02950085988150267,69,4.154689690204
357.off,Bearing,0.4659379627062687,0.007473769007807514,16.01225780619438,1.0094414567315302,0.062452154599531094,144.4291391204184,0.6764800049590044,0.4137399479670236,0.008899183593100225,0.021509123392188172,6,7.907326290228482
358.off,Bearing,1.5861570247234813,0.05462697281463013,11.824203468502786,1.07279018813605,0.08457229298056242,2.352356193130507,0.09530832442955102,1.9271099603211903,0.19219557116877664,0.09973253998269176,85,1.7130907223965184
359.off,Bearing,1.5862490448585258,0.05462585203476443,11.826746807283302,1.0707431321406096,0.08455410573127066,2.3488720330463937,0.09618368892843364,1.921822986799302,0.1917042087516445,0.09975123102826347,82,1.7077507398617437
360.off,Bearing,0.654495261024719,0.026020727222880524,3.6612407337563626,1.0142282496178125,0.27313145261934724,23.239763444064028,0.6695689909686332,0.6401372328252779,0.02856198224001874,0.0446185298642277,75,2.8430873399022327
241.off,Bird,0.352213161608419,0.006759569263376574,8.455247484646073,1.0001102422406989,0.11826974926705636,26.992818910394266,0.06681415059063653,0.7869592433085772,0.025452346674000613,0.032342649114828946,29,6.651945603030737
242.off,Bird,0.8566619755066844,0.023728057187586426,9.873059104571906,1.000022773245749,0.1012857301276492,5.090365106623721,0.08345012362549943,1.236335311324181,0.0832490034242477,0.06733529541842785,15,2.411006383878817
243.off,Bird,0.3503251487916019,0.007137710510657071,7.461801848747791,1.0000289527728767,0.13401588788742977,58.57507042793534,0.1414515121509957,0.505159157347558,0.01642170941014259,0.032507991137621164,41,4.226643236133702
244.off,Bird,0.4498430118616599,0.007810486603834075,13.19393613773102,1.000062513507732,0.07579239353298639,51.7201115067266,0.11362521175548289,0.6309951291947313,0.020224041962545236,0.03205102706316438,28,5.431124164612808
245.off,Bird,0.7359258566839848,0.01490837644778246,15.855834782930014,1.0000862748527317,0.06306826563786944,5.147040369482594,0.05517192231337689,1.1529243910284148,0.07190771658125303,0.0623698458813166,11,2.6205901956992177
246.off,Bird,0.4293205326929094,0.007916374121977826,11.164518155499945,1.0000227737356882,0.0895694723293878,20.598191115450167,0.10159014217241742,0.5940725763128841,0.02642369372859199,0.04447889834031869,15,2.6550890236770877
247.off,Bird,0.6053037680217255,0.012266221191420058,13.033053410417736,1.0000363137359634,0.07672799063346644,8.086102393917592,0.06609933761666192,0.9106338860256301,0.050900869198836136,0.055896085111644435,21,2.577084450226028
248.off,Bird,1.3271813675645918,0.033126120664967666,18.836373591067247,1.0852277845884817,0.05308877503227208,2.3923427264930557,0.04760091492371762,1.9842096280994501,0.18157627243317553,0.0915106296541339,18,2.0950389037883834
249.off,Bird,0.35889857276304243,0.005923171008849664,11.65076057514635,1.0002231491301712,0.08583130633833651,29.53662830420402,0.06350041099521149,0.6421020358904274,0.023256453817882355,0.03621924946185811,27,4.327855782277193
250.off,Bird,0.4615599363585543,0.00778972119254472,14.328083814178285,1.0000401512593968,0.06979300323539808,70.56042643919757,0.10987276611097746,0.8305279329317616,0.01920759536334618,0.02312697093226403,33,13.729804743184248
251.off,Bird,0.3503251487916019,0.007137710510657071,7.461801848747791,1.0000289527728767,0.13401588788742977,58.57507042793534,0.1414515121509957,0.505159157347558,0.01642170941014259,0.032507991137621164,41,4.226643236133702
252.off,Bird,0.7338589604083884,0.016225478948517363,13.273650549266817,1.0000187330254533,0.07533722515056236,7.156735956340013,0.059824690077866186,1.1631917931195817,0.07776105991233608,0.06685145164563748,27,2.3013213763800904
253.off,Bird,0.6645210168825129,0.013139931489195587,15.02752945128997,1.0015632054309123,0.06654453769273162,20.125943224140517,0.06391941263799779,1.2075041919062799,0.0538854947765434,0.04462551363194415,12,5.361296401391603
254.off,Bird,0.381012248935493,0.006014587008287703,13.519256754401587,1.0000066265767058,0.07396856337345771,78.6510531137998,0.12083065884709522,0.5750342797745391,0.01448639921842917,0.02519223588567456,30,8.011391097938803
255.off,Bird,0.5284899775443042,0.011989084986155505,9.079999317533897,1.0000086314926284,0.11013216686800338,8.290383472467973,0.08056315689522985,0.7897301821498335,0.04144541654501172,0.05248047685373685,35,2.535308531327946
256.off,Bird,0.6932489242002566,0.017022059004613982,10.16695862645441,1.0000503085518846,0.09835783116083523,9.458074590314325,0.08673898576142684,1.0637725451406261,0.04419897215177809,0.041549269487806885,18,5.448407962942108
257.off,Bird,0.5279386913618159,0.004725517978399053,58.263861108356295,1.0002275581758688,0.01716329781406434,86.08773207858775,0.07005591158028884,0.7386532346281995,0.02181639376964238,0.02953536618657555,5,7.4869254908019585
258.off,Bird,1.5384160403223714,0.03824843298084669,22.006031525387137,1.0140976498441687,0.045442087040834946,3.893826870143168,0.09191997301792165,1.6865961142713428,0.15268009051673548,0.09052557943470514,10,1.8197682995027438
259.off,Bird,0.9408787233544846,0.02577252825463832,11.08752266861298,1.0036105806327602,0.09019147287345275,8.611095686174233,0.07665034597966522,1.474677974790166,0.10726814314899971,0.07274004561183132,26,2.464323294420259
260.off,Bird,1.400984431684606,0.04043951586234721,14.867421669572602,1.0320352365939616,0.0672611581365572,2.103352975648894,0.06053113409095953,1.9161760665731777,0.18295632479670768,0.09547991334841185,16,1.8584847662102157
301.off,Bust,1.365848341466446,0.09050425735204358,2.750534187561976,1.0301437045143196,0.3635657409829841,6.762241440989172,0.37475921716108107,1.442007987885971,0.1298757840818371,0.09006592555166013,56,1.5717890538489196
302.off,Bust,1.9509186011987352,0.13671040561903758,3.512868813199102,1.0235707469209463,0.2846676187401713,4.740186575282959,0.335790392639209,1.8088156511105713,0.19208751923716397,0.10619518861373553,35,1.4181829261405188
303.off,Bust,2.120763934690624,0.1668451019329841,3.0296864954716414,1.0636686967408626,0.33006715430611794,5.183963040658726,0.5042156748305847,1.7051630069925496,0.16880676419484314,0.09899743514408808,42,1.5383871474587758
304.off,Bust,1.1916538163981634,0.061427723700262726,3.965236606092163,1.0093671544783402,0.2521917603765704,9.105394087704756,0.2944815400631869,1.3176453520446911,0.1105704467978342,0.0839151799277807,31,1.6544936350019968
305.off,Bust,2.5206512678865267,0.2002600201935687,3.5309975063836676,1.0392484968408182,0.283206090684603,2.674830812784112,0.36899680077663477,2.04350347809046,0.23080227515199475,0.11294440045077223,34,1.4164250506973026
306.off,Bust,1.6539080890160875,0.12911302865498062,2.3996151933165457,1.019271569600239,0.41673348409579136,4.043729379710232,0.31218399739642166,1.7583610015089475,0.1873738799151921,0.10656166723124327,69,1.3691582767211952
307.off,Bust,2.326235044069535,0.22343235996962635,2.229545106017588,1.1211544390831147,0.44852198652585207,2.3160689830909873,0.3689893652903058,2.548580700393148,0.34769522071624936,0.13642700059001991,57,1.2107245657701873
308.off,Bust,2.515913498589237,0.2872200040061156,1.7068893726426044,1.087125172014239,0.5858610499471334,1.9656699343785926,0.44962298731432226,2.6882512173367683,0.38450784010166333,0.14303270379715202,105,1.1618412216480571
309.off,Bust,2.7028555869932216,0.2598422120766971,2.5858107887257846,1.0338015322303864,0.38672589825985376,2.110056726521187,0.5393982893211473,1.837318484553255,0.21019417972683435,0.11440269147346176,36,1.241250930342776
310.off,Bust,2.373705659085878,0.2841006976848017,1.4651551689619746,1.0351675106849532,0.6825215657591235,2.179815846972953,0.41150537409037685,2.3898005104610465,0.31677737704706005,0.132553899649953,82,1.2026084699746145
311.off,Bust,1.9555488787896396,0.13743434713354796,3.5007660277729844,1.0560436087586904,0.2856517665181272,4.627499568257875,0.36307186228146143,2.0690669224499936,0.23494579954978173,0.1135515710007007,49,1.418847992771238
312.off,Bust,2.121524247309877,0.15601110097470802,3.468810878059023,1.0170254831067786,0.2882832287932489,4.217806846873774,0.31182803293681505,2.0734924144254463,0.23676175396956314,0.11418501091317884,35,1.4061507471805799
313.off,Bust,2.253961991599758,0.1742151811118887,3.3359182396898985,1.0348101453326806,0.2997675386951205,3.6797317993991685,0.3934765050399349,2.0956293251999343,0.24596661309735768,0.11737124029503221,30,1.3450508579127605
314.off,Bust,1.8826280555305437,0.1347207328248338,3.250665878882906,1.118686039663955,0.3076292788182988,5.703827832007857,0.2870207874770395,2.068657074252421,0.2184658758603411,0.10560758405995886,45,1.6400078019590474
315.off,Bust,2.146650761965472,0.21533566530716927,1.886252717036911,1.0029541976900158,0.5301516551668042,2.4354253799582732,0.5341026062572048,1.8265313956274651,0.19568936554870003,0.10713714859605532,77,1.4070016307373958
316.off,Bust,2.2131545417404856,0.19314179000042472,2.5693918728466256,1.0028124356184547,0.3891971522787224,2.540633052463047,0.48168661871816953,1.8225828670789843,0.195184780035913,0.10709240362208144,55,1.4051334666780346
317.off,Bust,1.7406851334490827,0.16429357228486854,1.7276952596969368,1.0145783885588893,0.5788057786159665,3.003451064976236,0.38271974613431337,1.7716723144949733,0.19443797587206227,0.1097482724549365,74,1.3005757128022042
318.off,Bust,2.085029935944956,0.1773567075909234,2.547940457178622,1.039151228421283,0.39247384968615673,3.848829885261418,0.5749407081558656,1.61318858383433,0.15008308393473765,0.09303505209416407,46,1.6479330211712258
319.off,Bust,1.6531059587720256,0.14725982283736225,1.8419640649407887,1.006787904281673,0.5428987562969345,4.310408895974144,0.451133863830743,1.7696469256741987,0.19316464783084758,0.10915434317908125,106,1.3132645196645067
320.off,Bust,2.3957135465006565,0.2271295307078253,2.356704250830723,1.0175718113643377,0.42432138001512343,2.202328458127321,0.3492726796229014,2.2137644704952564,0.26739726566810545,0.12078848912426722,79,1.341615112352026
101.off,Chair,0.8330330170812339,0.012629930578039182,32.0429391063995,1.0593260634412416,0.031208123470804948,5.472068988605349,0.0548856595060651,1.4475951995930407,0.10922375993836643,0.07545186663306998,30,2.248302709976892
102.off,Chair,1.5929647957408462,0.03552676573989109,28.317493933926574,1.0512803331839562,0.035313859423199936,3.476529088394232,0.10428754545482449,1.647908770318691,0.15535615042542822,0.0942747275963485,12,1.639419963416833
103.off,Chair,0.9479104077571828,0.019072223961234803,20.703645643914385,1.0724570329443006,0.04830067212312143,3.125463941635205,0.06631382482386967,1.544760564783119,0.129792040974473,0.08402081457374302,25,1.9347953069487758
104.off,Chair,0.816104419530451,0.010692393191879306,42.03731551086254,1.0515169014407162,0.02378838866962372,4.329258881173567,0.046195450077172365,1.3447080635049793,0.09740196142487252,0.07243353711362038,39,2.2661896347713446
105.off,Chair,0.8629123989220192,0.011103325848396331,46.08308914129116,1.0516612629456252,0.021699934154457205,4.470401187891883,0.047489398338838404,1.3442383440646775,0.09731637392658134,0.07239517780181623,33,2.2677993567677626
106.off,Chair,1.4056463990974304,0.02683317241462357,34.10608242698107,1.100710205679043,0.029320283328961506,2.320374113832257,0.06028005121841332,2.0515979896426284,0.21512445073423092,0.10485701965993047,15,1.6498515612511437
107.off,Chair,1.171911143809948,0.02293427403341568,27.05588122716121,1.0599248163481896,0.036960540726949494,4.1981026052192725,0.0838219205603208,1.54870145903752,0.13279769986928397,0.0857477721702506,24,1.862385764194039
108.off,Chair,1.1284627922193138,0.02222088342811322,25.73278056536103,1.0652580716392155,0.03886093838401991,4.142572198650118,0.08165888932951927,1.5550678295843101,0.1335259524217387,0.08586503423290026,29,1.8649374439456727
109.off,Chair,1.0036307045060509,0.021350442371834828,19.60901095089019,1.1085052448661878,0.05099696269763177,2.5322158906589634,0.05770333613194601,1.8750308093707284,0.17311988795834102,0.09232908979049848,9,1.9448178252626285
110.off,Chair,0.7856049671902758,0.011289671794281126,33.635481998793274,1.0396111405172066,0.029730508991542816,6.220253690478957,0.05857147228466162,1.234153311405628,0.08556140335379547,0.06932801829648381,28,2.2703832117506866
111.off,Chair,0.7530416944286736,0.011022113519155542,31.079565312263725,1.0397402836615293,0.032175482184282955,6.205749808022449,0.05693098981932257,1.2360009835719965,0.08571571014138937,0.0693492248636196,24,2.2723918368635707
112.off,Chair,1.344206416588226,0.02939816098541797,24.848786892620684,1.0991508940408359,0.04024341326284097,2.781894365080909,0.08545479751441445,1.8660221674116515,0.17510855928590277,0.09384055685083036,22,1.873627589052355
113.off,Chair,1.062880406928228,0.01776645665749401,33.63560077651997,1.0369286488747078,0.029730404003905014,4.075731245336547,0.0554722296891529,1.6036840185518066,0.14061363349003558,0.08768163295473602,36,1.8443747546221025
114.off,Chair,0.4960284546970601,0.007325208877956673,20.11070854150528,1.0423520716568133,0.049724752260029044,3.3647586176777353,0.02961810904044393,1.389919293114528,0.10512328026178526,0.07563265060248588,15,2.1484169404318
115.off,Chair,0.9856253058657208,0.016517297562977755,31.03167208150994,1.039525356989711,0.032225140732775555,3.9461000094524157,0.05076177126910981,1.608636637730597,0.1412995193463957,0.08783805865924803,55,1.843487193376226
116.off,Chair,1.3421949793336578,0.026074418165013543,31.445985077917587,1.0872658036656504,0.03180056205974076,3.536365560648774,0.0661597670085428,1.7715220104396632,0.16175000837380554,0.09130567242213479,39,1.8788783441479566
117.off,Chair,1.3541292436885737,0.017635230859867797,70.59365683778273,1.0474401045046806,0.014165578676536074,2.832429810777631,0.050280756272798696,1.837061533900433,0.17681207503077195,0.09624722512988779,44,1.7534560925914955
118.off,Chair,0.8425746509397787,0.014561515303217898,24.943629781844077,1.07541480386247,0.040090396175133984,5.611789674931978,0.06215977558764928,1.4793396897606126,0.11156427429130462,0.07541491319641265,13,2.299858225379769
119.off,Chair,1.1384853577634588,0.020482142178009092,31.101348660471505,1.0679667993866833,0.03215294651421202,2.170142609060779,0.037382593303027574,1.6890939041218735,0.15532169153382502,0.0919556284909889,44,1.766219954577625
120.off,Chair,0.9536900259857856,0.015722436798906926,31.026274695740415,1.0337121846153998,0.032230746675407006,5.003676162196437,0.0756876126178937,1.4371202307263617,0.11603426181397532,0.08074081717945636,46,1.9491912288998712
21.off,Cup,3.086590795183735,0.08190367594646474,38.759485972617284,1.024786973769819,0.025800135757901375,1.6519257323034016,0.16024671466409754,2.2374122310130415,0.27160857947952927,0.12139407111247981,97,1.3424517388977828
22.off,Cup,3.6815366490263717,0.14075353945157515,22.269802307929993,1.0769219440227997,0.04490385618034484,1.4052046828113978,0.2370888390183053,2.612481880019092,0.3591746182763338,0.1374840610468498,117,1.2220703560383002
23.off,Cup,2.644834710620884,0.08071109786398244,25.11173529014369,1.0166866643046175,0.03982201900608988,2.171669741137347,0.16853310224629192,2.039582051994523,0.2344675064116286,0.11495860447602048,111,1.3646014924435361
24.off,Cup,3.6282900489928656,0.1708007599585082,14.476848255976451,1.0700328299878,0.06907580865104197,1.4013641678720627,0.21828359631633204,2.6060577401978366,0.35987597756596196,0.13809209673867098,134,1.2083535231077251
25.off,Cup,4.091692894828087,0.07545925828175094,106.3730599259579,1.1580627597390063,0.009400876506664945,2.3538569417693127,0.16324393585514468,2.568602559794416,0.31903773166230853,0.12420673274102921,84,1.4721574528486034
26.off,Cup,4.4323670276614315,0.09480473307195424,85.66328674761233,1.1400383920182535,0.011673612325269235,2.190512010066411,0.16348776120558534,2.439520605537952,0.3000254744430155,0.12298542334995169,100,1.4260831104560832
27.off,Cup,4.379815583518808,0.1237305667659492,48.524502945736366,1.1647902005539976,0.020608145149230542,1.6855361820940706,0.18076880237508314,2.6781060920617583,0.3488137758422638,0.13024643679210152,114,1.3958659133861506
28.off,Cup,3.0774026940000856,0.0813865872637473,38.90406120066386,1.0256402838714858,0.02570425732270172,1.6492167373989999,0.1583022022328155,2.2413253498503645,0.2715791960593156,0.12116901996287455,86,1.3497997368986026
29.off,Cup,3.6827842554733294,0.08217493674674059,65.40300502810507,1.0864983687800627,0.015289817334391265,1.9984554853590537,0.1530364695545126,2.2284611507646916,0.24981893944285308,0.11210378936026245,36,1.5678774283936736
30.off,Cup,2.0341880103935828,0.05266179534368125,26.836728668321022,1.1776739428449288,0.03726236578083504,4.499356633950109,0.09180667493265335,2.673701829294657,0.32946063529998015,0.12322265395872299,45,1.556967269772811
31.off,Cup,3.4655160572971284,0.1665204443701585,13.271385075994566,1.051979780686542,0.07535008548646603,1.5926879823452806,0.24305248014634967,2.4342181100457685,0.30866342574064654,0.1268018771476657,111,1.338615193792335
32.off,Cup,4.464563722881852,0.101901613711776,75.77441315449477,1.1699436451774454,0.013197066903852125,1.6568281044927096,0.15185620473393965,2.6813463929134365,0.3457901829100727,0.1289613993268329,135,1.4255454726860841
33.off,Cup,3.5632142493501817,0.1306850052315777,23.421888905117825,1.0602315270295002,0.04269510473945993,1.3615843587373444,0.2227200563574538,2.5257043028200177,0.34234054178993223,0.13554260544581553,123,1.2155657968756108
34.off,Cup,4.502097180998052,0.22360432509675285,16.137335310970936,1.2131693269287078,0.061968099486670015,1.7888165660216506,0.2861714839426567,3.2092481564390276,0.4597168680302792,0.14324752889797707,76,1.3828550154931016
35.off,Cup,2.6635718066073992,0.09908177096813653,17.019756153741685,1.1631153935887513,0.05875524836941664,3.633577678221296,0.24143261570012753,2.547798467164397,0.31193278463713436,0.12243228365872427,74,1.5028678644309015
36.off,Cup,3.4115790621712865,0.06299319943818055,88.47623102691945,1.1909471583914806,0.011302470600219664,1.5929750001114227,0.08876694310654361,2.770366150293338,0.36583396006732644,0.13205256641927654,161,1.4047243365872826
37.off,Cup,4.205576857645619,0.14124544199067182,32.966699176871295,1.0003016972776624,0.03033364046047952,1.2977296906234268,0.2082888612241219,2.500930274194544,0.3242073623433577,0.12963470660843304,52,1.3158507492566827
38.off,Cup,3.815426854211608,0.11724788318069918,35.724569298888674,1.062087829775954,0.027991939990473395,1.4330078317875277,0.20071238078883025,2.5001670850405926,0.31412161538413086,0.12564024911120322,73,1.40042250797616
39.off,Cup,4.185610967337661,0.06317146433360864,162.47341883215026,1.0765425675354134,0.006154852942640977,1.5183651015205162,0.11934959710679643,2.4344947747441625,0.2987014338898991,0.12269545081331679,70,1.4298798693190864
40.off,Cup,3.3106951090650574,0.06291493539489626,81.05833491005168,1.0816508539569116,0.012336794249594121,2.8611149422202344,0.1902003019104914,1.9643292860030241,0.22013830833332562,0.11206792562832396,165,1.382926986693608
221.off,Fish,0.7713706338667917,0.034382743957705936,3.4328581951618116,1.0063504046438032,0.29130244919798204,13.367220962592718,0.18360870313245503,1.1148868774678906,0.07406038181577426,0.06642860662597336,46,2.2339227157061345
222.off,Fish,0.5609758627708431,0.021833719941924828,3.274346844004153,1.0122148576690666,0.3054044203750614,15.749375123832804,0.20016553344228274,0.7951746251082762,0.03830638916762588,0.04817355579274154,28,3.0296519000296014
223.off,Fish,0.7039360185128372,0.02473238803702577,5.042142151878856,1.0075137143249095,0.19832840286491515,13.001629353997695,0.11823112879087048,0.9020251228833306,0.05713543922829451,0.06334129480303234,19,1.9878901710460957
224.off,Fish,0.5350710765521484,0.018282957448203702,4.0521839923408,1.0036450785938615,0.24678050204288385,20.613628009973915,0.19159306646029164,0.6776936597607599,0.03067919727846935,0.04527000782226552,35,2.9238824601473974
225.off,Fish,0.6491491886691138,0.02230743644517886,4.860510143066582,1.0027408165877736,0.20573972084524492,10.589803769399355,0.12922714890366194,0.8388538251721329,0.05087556696127689,0.06064890620345829,31,2.01645237940539
226.off,Fish,0.5620570989755448,0.021792465837565788,3.305797076529184,1.0149736141223977,0.3024989062698059,16.46100721861393,0.2316074193632407,0.7357664936648514,0.03800167183790297,0.051649092701431296,52,2.4387216809467933
227.off,Fish,0.5620570989755448,0.021792465837565788,3.305797076529184,1.0149736141223977,0.3024989062698059,16.46100721861393,0.2316074193632407,0.7357664936648514,0.03800167183790297,0.051649092701431296,52,2.4387216809467933
228.off,Fish,0.610389355282925,0.02388339624026184,3.5251395366589096,1.013103181859205,0.2836767139571983,16.066875305051944,0.18240526436515586,0.902198540923531,0.04854196134765025,0.05380407875406284,26,2.755620122943582
229.off,Fish,0.5760612282079763,0.0227800413835161,3.257200908116732,1.0111435684560495,0.3070120720855951,14.307962687152376,0.20934217495948984,0.8141267723765657,0.0397993462699105,0.04888593229004111,47,3.0121171537532834
230.off,Fish,0.8202068088201427,0.03755610438071435,3.4590485865477776,1.0087640483848443,0.2890968354387952,12.716403223913895,0.19103311997291886,1.1480987017059021,0.07817620127590166,0.06809188196079621,59,2.1894557743982492
231.off,Fish,0.6518470004229007,0.025080726805577363,3.8931792993599377,1.0070342259322773,0.2568594773337067,13.615983553396156,0.15915545108540166,0.8583965045463974,0.04683554146269126,0.05456166377033487,43,2.5495313529895847
232.off,Fish,0.5747196583995833,0.02042483810632315,4.023449348760864,1.009790851251593,0.24854295737759902,22.178467803796423,0.2316782759687065,0.7322660654515045,0.034145433867558674,0.046629818693708136,60,2.977755815444971
233.off,Fish,1.1062865459680962,0.05400045352027852,4.105402140332512,1.0036965431471538,0.24358149721211145,5.189352588883137,0.1528483617984975,1.2258710638656485,0.10099086273104796,0.08238294034984762,31,1.5970475377928541
234.off,Fish,0.8045362451098622,0.03211066526178048,4.46566214310221,1.0105626383808752,0.22393095759486165,10.995753340453845,0.13779069863725876,0.989053434450765,0.06672824757369042,0.067466777071297,23,1.9212658069267545
235.off,Fish,0.558909230790687,0.019561503442632654,4.034289062764261,1.009397185838069,0.2478751483699605,18.23350601530019,0.1689060108119779,0.7356165155665384,0.035364574493646994,0.04807474240353454,23,2.814266143296737
236.off,Fish,0.5183788008196022,0.016072700511984374,4.767729634707021,1.0054855687658222,0.20974343694332626,23.406754979847946,0.15800965756504315,0.6860415478949604,0.030588598407329515,0.04458709315957191,25,3.0512635813920155
237.off,Fish,0.4588325059242721,0.013794445089211104,4.488504765226681,1.0039418341044637,0.22279134195137643,29.485093832798455,0.20579965134317554,0.602378330491341,0.02350012069978801,0.03901222788113859,42,3.499576264051916
238.off,Fish,0.5350098582596262,0.01762183147182961,4.3604458053774175,1.006665898098434,0.22933434897110141,21.303106933379695,0.1918420778148718,0.7114766034279721,0.03249688666728248,0.04567527099374586,27,3.0154073159424635
239.off,Fish,0.542336545354369,0.019458958191889197,3.7249038566316433,1.0012867311102933,0.2684633049574279,24.30517953546649,0.2522563619644737,0.616258315219094,0.02574724871992669,0.0417799615584464,68,3.121579117331221
240.off,Fish,0.7329866346050342,0.029122620130634044,4.105583628401169,1.0103351151481565,0.24357072964786458,14.559044372528355,0.17537411154857802,0.9329027214010867,0.05035710889585963,0.05397894950958063,33,2.830969103534079
381.off,FourLeg,1.0614058350299975,0.0555823689683296,3.4222988654392865,1.035424672651293,0.29220124814307824,8.991979239954528,0.24215086715340783,1.452591240651078,0.1194969474751657,0.08226467579523954,24,1.897860410696056
382.off,FourLeg,1.0533071433244334,0.042826758699043226,5.63355193067265,1.044270584206261,0.1775079048362654,9.905661508680897,0.21150310141846204,1.2192071741986008,0.08821981039168558,0.07235834258412521,21,2.058960026229477
383.off,FourLeg,1.1066731088599169,0.05177445253659173,4.470691137232144,1.0406441534415338,0.22367906198483473,9.332021861445401,0.29177562205768176,1.4204885521385116,0.11493427917982953,0.0809117954571325,27,1.9184994886471116
384.off,FourLeg,0.7578850154730281,0.025055640011193984,6.131215580706207,1.000062401846008,0.1630997942963894,14.45933723907704,0.2006620881138812,1.1315610658147306,0.0723105936869814,0.063903394939554,22,2.450065868664486
385.off,FourLeg,0.9919315896216846,0.03782418626822673,6.031892641919311,1.0025268384902617,0.16578544403300358,15.049459445525965,0.19443945847793687,1.3748277698000793,0.09650184294467012,0.0701919506315347,22,2.4672962523820736
386.off,FourLeg,1.2482242639730683,0.0551842164083845,5.646713167562903,1.1289597146487835,0.17709417325186994,6.853897926928835,0.11304193310554442,1.9547845695191943,0.18950897236780084,0.09694621868967031,11,1.8390129177275818
387.off,FourLeg,1.071975293469927,0.0417766953365778,6.2407069357914695,1.0073685401657173,0.16023825670531608,16.58362718366901,0.2848323531894312,1.0989025099518337,0.06455869092170362,0.058748333302590515,24,2.8152417315718377
388.off,FourLeg,1.068239927975549,0.04607913141766802,5.076278939868276,1.045486349739302,0.19699469076574208,9.725549985363003,0.2025965690559195,1.4349965805439644,0.11810069401242054,0.08230033131343915,29,1.8732482073002252
389.off,FourLeg,1.1791365719586278,0.04104492402361736,8.60440894616246,1.0070897497703777,0.11621948773669073,9.895788433874534,0.20164911120133913,1.2310321038248944,0.08984059928066092,0.07297989955056453,8,2.04366865036333
390.off,FourLeg,0.5464605789958727,0.01094505364575438,12.044488221501135,1.0112706329408716,0.08302552849151838,15.317718716076058,0.08120625969095499,0.9556965489779411,0.052318078581500005,0.054743400127844954,17,2.8197078162209657
391.off,FourLeg,1.0538775991429723,0.04485530302791356,5.143876781549642,1.0125193185198298,0.19440590093193105,14.898053575027838,0.24441065030504627,1.3100955802993268,0.09404728167819953,0.0717865803781369,21,2.2478331746715887
392.off,FourLeg,0.974851468915944,0.04458589211576845,4.120672090202203,1.0260397210338825,0.24267885871766362,12.553631677306877,0.2350226981297837,1.2821698818224652,0.0953437485717455,0.07436124488919107,20,2.050217301592168
393.off,FourLeg,1.2297830343058072,0.04675540186455974,7.522627033999035,1.0011820634004194,0.1329322848893652,16.60509980125914,0.29389491311151184,1.108013628071229,0.06893031466182424,0.062210710153280745,20,2.5314095294014756
394.off,FourLeg,1.0260216282534529,0.03666178206860668,7.105424524474876,1.220551567885182,0.14073754447119466,11.758710170836142,0.1363436161379556,1.9038528676695377,0.13850558959797515,0.0727501541479498,12,3.1806301636038303
395.off,FourLeg,0.8441151907692293,0.027994132896277404,6.786076237485707,1.0089660158087241,0.1473605608018497,13.955166999176733,0.16024987446316952,1.3202629609391416,0.0906449986251377,0.06865677619302389,16,2.476516648962691
396.off,FourLeg,1.1355715584524215,0.04382100121260684,6.742586931220521,1.0876754128081172,0.14831102812626,16.21915247025174,0.28102842879073797,1.1978417092991114,0.07517846820332867,0.06276160499313183,19,2.6888029468631705
397.off,FourLeg,1.07577239601136,0.04214616680124863,6.197159185778195,1.0615166475925206,0.161364259013209,14.774409942571236,0.21170043013478146,1.3285903562571062,0.08826892307599138,0.06643802783926707,29,2.66137000416411
398.off,FourLeg,0.7496489913955375,0.02411001149702324,6.408061551473548,1.0218380751529776,0.15605343237847769,12.862292389351033,0.17261204235519542,1.0653908875537308,0.06613693022654511,0.06207761958468003,23,2.444480031864334
399.off,FourLeg,1.134108375407965,0.0449583424867296,6.381028978760992,1.002082311696387,0.15671453668812058,9.347212951274097,0.19813250672350388,1.193596167589977,0.08135348465690762,0.06815829915168936,9,2.2717867045746107
400.off,FourLeg,0.8397014990604439,0.026710559140106012,7.337640892675384,1.033039073826917,0.13628358414190384,17.82495575978408,0.1415281187598187,1.288197460190241,0.09401854675471362,0.07298457702348594,22,2.138296249480683
41.off,Glasses,0.6649778065354497,0.007839155534287061,42.30878145525283,1.3015314253485442,0.023635755169588924,13.922053645097204,0.02718464158506872,2.4145872934390655,0.20668179624557698,0.08559715227822753,66,2.913881623390497
42.off,Glasses,0.366454918756496,0.004125099489283861,25.57057170558074,1.0782740843680811,0.039107455692191324,19.37871364416348,0.023560287778908916,1.3000846812249112,0.07575867507605091,0.05827210809427641,59,3.385305042752411
43.off,Glasses,0.29164618719880514,0.002748184603757988,29.04188032172781,1.055149815635622,0.034433032190820154,33.28541455376087,0.020865718659570077,1.1738273704983875,0.058153906208888495,0.04954212831499858,80,4.228657771554707
44.off,Glasses,0.6002156672458342,0.006464617839260772,45.74924131909914,1.1378825444375618,0.0218582859773573,22.594838064998125,0.026856343273283147,2.0047364915918875,0.14977514519952473,0.0747106394419916,70,3.175703994324923
45.off,Glasses,0.4957514762578382,0.006602923025215846,24.70968483053875,1.1274673574632674,0.04046996175216682,22.431876568369965,0.028587861522235393,1.8437698838937453,0.10161607195476907,0.0551132073706358,90,5.367140588966104
46.off,Glasses,0.19835955931194435,0.0021027090510664435,15.60805053742438,1.0016881560453081,0.0640695003903427,44.57156666880314,0.05708825137042023,0.4405638244294874,0.01379768139108255,0.03131823501157862,55,3.971567083432597
47.off,Glasses,0.16005551755418024,0.0015602580699426518,14.89246889583017,1.0000193830842423,0.06714803347885426,226.02045765513316,0.17695718391681964,0.27418581648315055,0.004561333343580074,0.01663592012922514,57,8.759896168669698
48.off,Glasses,0.44835662369960666,0.004815009432507073,34.373528253312124,1.094885838895622,0.029092154655483853,27.505588090356206,0.02696620903007029,1.3842782022616886,0.08584045787070549,0.06201098719206583,49,3.182978582647542
49.off,Glasses,0.26948708049961323,0.002720180015248772,23.386551328497397,1.000284456909255,0.04275961795108551,40.00592206694585,0.03456190678370543,0.8620990118905527,0.03935132897466926,0.04564595067609831,40,3.6584764231321683
50.off,Glasses,0.712911716455208,0.009509250195490045,35.429280681218735,1.2982268607127536,0.028225241404071344,13.999745739417191,0.033082138273129225,2.4216069634063118,0.21006748161023098,0.08674714137538785,58,2.845384353207365
51.off,Glasses,0.2562445359641566,0.002713469645704877,20.205124534692967,1.000648567123616,0.04949239477752102,25.165545590839137,0.028602844493429702,1.0278046897832256,0.052130690840639184,0.050720425153570836,64,3.532583621139558
52.off,Glasses,0.12890117040606672,0.0011819527206256893,13.5555767220634,1.0013144206629967,0.07377037661351396,35.6067496995311,0.038590403041794,0.4354603176228053,0.012709694266925645,0.029186802453799596,50,4.519841175250359
53.off,Glasses,0.20829800829331568,0.0020399069417508945,19.20358299903282,1.0012222837685647,0.05207361563987119,48.52532008066467,0.039925896710136764,0.5573503304738363,0.019528184873334384,0.0350375406734438,48,4.014289224682578
54.off,Glasses,0.6888714799614238,0.009108408884520443,34.839924453196495,1.2912489010493275,0.028702702881672062,13.982264862347245,0.0323355754351552,2.3883421396456,0.204266571665064,0.08552651158069614,56,2.886972524875009
55.off,Glasses,0.2566774240530552,0.002740788618386765,19.904879774420632,1.0027256685616617,0.0502389369507813,25.874827836569047,0.027886469448389538,1.0337463215448222,0.05266819657128936,0.05094885996071302,66,3.5212159669285907
56.off,Glasses,0.8455650021693527,0.010177539989307843,51.606331692153695,1.1576917176930186,0.019377467206258367,16.625972981384145,0.03319004229403966,1.8304491719832356,0.13249014854118973,0.07238122236283716,41,3.0892529790199816
57.off,Glasses,0.6894827512183864,0.009117776701152854,34.861007994945616,1.2983568811383412,0.02868534381292092,13.918638611926616,0.03205962613595868,2.4148011276301053,0.20797674094855215,0.08612582567106107,57,2.8784732619445474
58.off,Glasses,0.1447344830919743,0.0012507282674487274,17.13711610299849,1.0000034296814644,0.058352875360693245,119.92983281227534,0.07908209831538597,0.3231495739301784,0.006599284967173735,0.020421765954732822,43,6.851168123102582
59.off,Glasses,0.2555362055458559,0.002988565797643099,16.518830912759963,1.000077669582689,0.0605369717313076,35.480626780968265,0.04975526812571092,0.7674213672788239,0.03361623727505136,0.043804145555980736,67,3.5363161695070766
60.off,Glasses,0.20035828260587568,0.002170479845098665,15.095865338492139,1.0014923130090432,0.06624330421457547,45.59885909721053,0.058250889305674826,0.4918531682695464,0.01604157250478604,0.03261455560248603,63,4.088463916418603
181.off,Hand,0.782825504962418,0.02406997874795909,7.321349061993593,1.0036195051105794,0.13658684916297398,21.142580226831047,0.1985133833729796,0.922369265058648,0.049660144517248324,0.053839765046909634,47,2.813494934962313
182.off,Hand,1.1818824686566372,0.0495563970416554,5.943893930620491,1.0038857603813285,0.1682398797273976,10.123457305183528,0.24875652704643708,1.1268847386526517,0.08349336683633458,0.0740921976955359,79,1.8150231560169667
183.off,Hand,1.5041247212165418,0.06919921279738635,6.283431229223153,1.0043258015544274,0.15914871405756345,12.983953753914035,0.2484330116037507,1.6392159477678856,0.13206376946687964,0.08056520536339974,63,2.2330001910692423
184.off,Hand,1.1257897586090715,0.04065457722853792,7.633093968052765,1.0055928004294958,0.1310084749624934,11.727577237799824,0.22675690787190123,1.0736478652896926,0.07570078663454753,0.07050802137451452,63,1.909556164404684
185.off,Hand,0.9122253246890608,0.030796797674501226,7.076897101132853,1.0039840853432802,0.14130486648448265,29.844035874781596,0.23517376929133657,1.0135173322658515,0.04889272023761654,0.0482406355383291,31,3.8508159778297264
186.off,Hand,0.937583550976422,0.035717020609044525,5.712511878473635,1.0053306723296207,0.1750543405902198,14.37033513209409,0.2144046155508321,1.122971214034587,0.07514884902202475,0.06691965749685742,41,2.2172202240912338
187.off,Hand,0.818297371923168,0.026661662120143717,6.815640186601542,1.0032823864796763,0.14672136037431083,19.99273038140078,0.21465261071401848,0.9383120366242191,0.05188257355792689,0.05529351807591182,52,2.7136039827860516
188.off,Hand,1.067645976611385,0.031228304783155726,11.033990638310877,1.0108795853352022,0.09062904191054158,5.45481022470816,0.07967931828867382,1.4319805264701133,0.12524380442320138,0.08746194665924134,27,1.6551846876987826
189.off,Hand,1.6196004327631828,0.05681580742106665,11.636782393862479,1.1569772392482367,0.0859344074808363,2.134403436949503,0.0890992521922506,2.285497401134144,0.2584756724938496,0.11309383785148254,31,1.5799759417862438
190.off,Hand,0.9190478661467842,0.023495286655181784,12.433703982669236,1.012190173382214,0.08042655683244943,15.753418458455199,0.10671916554549894,1.2258009693631384,0.07313588078737722,0.05966374853282647,48,3.044714081698346
191.off,Hand,1.528102479847449,0.07211581403932056,6.0665816582864345,1.0220190427266511,0.16483747459890943,4.491979343155223,0.21045912564783414,1.4410754083903412,0.1331618714229409,0.09240451307935414,73,1.4922719231450319
192.off,Hand,0.8893320238243638,0.02242449872418244,12.367842111929816,1.0040483039888999,0.08085484848124125,57.24943942679234,0.25655903197709296,1.124829695039299,0.0422112204307849,0.03752676571123963,50,7.062397014272334
193.off,Hand,0.9208849422923456,0.024276990668699774,11.715856373078521,1.016577206556847,0.08535440928568115,6.460942825499924,0.1319866553249945,1.1376830169796275,0.08127365830818278,0.07143787601220573,54,1.971114416577031
194.off,Hand,0.9287584193515837,0.02389216982375021,12.409227074418707,1.0030341775011393,0.08058519632229742,11.38075352487846,0.13762071305937892,1.1071334390130678,0.07403363168786664,0.06686965552577154,64,2.1892200786575087
195.off,Hand,0.9495623047828088,0.02563816668733486,11.517125271021117,1.0100278233895226,0.08682722263307806,7.785632134083846,0.18834782202366296,0.9754259479988996,0.06163800384720941,0.06319085930988474,51,2.159898826416606
196.off,Hand,0.9229108230780859,0.024186452869285998,11.881806703771947,1.0162080943393668,0.08416228482176405,6.125490394149875,0.09201873607553943,1.2284099209886568,0.08202991303067665,0.06677731238498694,48,2.4357520130045547
197.off,Hand,0.9135048971638275,0.023509921248180903,12.194890848339671,1.0034143587309727,0.08200155396521237,5.602600868856046,0.11537213476546478,1.1202050784638184,0.0815304448517783,0.07278171329448374,49,1.8698235024530143
198.off,Hand,0.6443391617450055,0.01959192041689235,6.162219924064125,1.0025217930481052,0.16227918060744528,25.929982701253884,0.21783479928243238,0.7611939607612677,0.04008094911499025,0.052655369302858655,29,2.4274910332241895
199.off,Hand,1.0647200778418684,0.04414588532419714,5.476126808202707,1.020713617677167,0.18261081874548576,13.108814826046277,0.32596836911239824,1.0520255052906071,0.07171632549121101,0.06816975931719488,41,2.001660293180686
200.off,Hand,0.8670298233452997,0.029583996093043564,6.584701047043091,1.0067112818759965,0.15186718316529457,21.971652204236104,0.17765776749811024,1.150826450300704,0.06341597245512709,0.05510472273083129,13,3.3510415950446375
1.off,Human,0.5482972974872453,0.01022212450959837,13.948053654747476,1.0045709023761968,0.07169459085494927,55.63753802139385,0.15665220736889876,0.7714731173407523,0.03536987825948082,0.04584719475566416,22,3.245210618871361
10.off,Human,0.5425207828230029,0.010844472396705308,12.00549055648381,1.0094118726308787,0.08329522190660753,53.91813427100257,0.10536858313652064,0.8988877364593989,0.04272553797671811,0.04753156177767917,16,3.5179439280659337
11.off,Human,0.6977241192308378,0.01746764616635894,9.843058422038098,1.0074849283670522,0.1015944391593828,41.09656473409902,0.08821465539168952,1.4092579180199616,0.0786433439255585,0.055804791245064725,10,4.001244907653154
12.off,Human,0.6649529886159693,0.01736052910394994,8.625703765077454,1.0062595765496538,0.11593256935725761,40.65284948945593,0.0918396964274484,1.3482860877815401,0.07207095203107801,0.05345375338676305,11,4.172278294166594
13.off,Human,0.722125801876342,0.022893423249846456,6.352793518692658,1.0072858314289699,0.15741106602277705,20.521102611306123,0.1883780472135612,0.9233515676080437,0.052641601579987804,0.05701143900839057,23,2.511832707840813
14.off,Human,0.7857281837114735,0.0192610425873106,11.56125652753711,1.0561227271006248,0.08649578855188932,4.948253138819356,0.03196744573919983,1.5773907985021478,0.13098155936444073,0.08303684761494592,9,2.022764033255571
15.off,Human,0.8793726363199446,0.022549951988626738,11.824294169366011,1.0016066566657726,0.08457164425008698,8.974253324390661,0.15371955456640082,0.8523503115715898,0.054061757329407614,0.06342668805942815,23,1.8733618929327813
16.off,Human,0.7827471800556716,0.02115429506170239,9.475781685175047,1.0063687583967846,0.10553219071778636,12.20827222720296,0.21849638466103163,0.8295624661722925,0.04862421608346451,0.05861429134785096,11,2.1349597077935156
17.off,Human,0.7434072123869746,0.017888711199021308,11.35193332684437,1.0610206973972391,0.0880907217482735,12.50821241261146,0.09327980638154117,1.1665535286502915,0.07797874773331706,0.06684540899168072,11,2.308389703721429
18.off,Human,1.0987006451475798,0.04593863039901277,5.5568628611467386,1.0068352006523005,0.1799576532636682,6.989962474507573,0.27739991334383013,1.0135980552495125,0.07142363016181288,0.07046543725286733,27,1.8049330312186171
19.off,Human,0.5682741525369556,0.012200322155245635,10.901311217437865,1.0039009102394618,0.09173208433866087,46.16259890227726,0.1153033844068988,0.8648024365459471,0.042226541695813885,0.048827963372152665,9,3.2072093611408548
2.off,Human,0.6213562230029457,0.015495614066932697,8.83389027450438,1.0089776471447616,0.11320040989031917,37.14970803640943,0.14787636074969393,0.9344343843940472,0.047172183817387706,0.05048207194128185,23,3.2420678128272806
20.off,Human,0.5791278960615076,0.011828857824784872,12.273981314241961,1.0083143011333768,0.08147315645980839,52.16598865154193,0.11303310487692382,0.8855724703729952,0.04103625462507884,0.04633867469682603,10,3.646569678747515
3.off,Human,0.5973727445143824,0.013165646101091106,10.87425427871887,1.022775883684658,0.09196032889878432,12.20600571364846,0.09307329918535182,0.9515908827272781,0.054761188875936374,0.057546987754852945,21,2.540696020181938
4.off,Human,0.6089134167444252,0.01350645420454143,10.942877961498848,1.0259055810991993,0.0913836381542749,13.89191259250887,0.08172495982310846,1.0678376817649666,0.059993919065592566,0.05618262034584893,15,2.99122365894015
5.off,Human,0.6961609141465738,0.019462641030617414,7.875406687154374,1.0052956473536219,0.1269775695052176,28.588419797593897,0.15475358004239037,0.9605610101268893,0.05289639566519509,0.05506823107280559,15,2.80072410127236
6.off,Human,0.6553508751934749,0.015284148509266366,10.653364341844064,1.0077647065097028,0.09386706095014705,34.77854073307414,0.24192403963780756,0.6892557970879232,0.03309095614957505,0.04800968855014779,19,2.6440537335138217
7.off,Human,0.6035714201353043,0.014188770448109369,9.657041617247534,1.0044999537784902,0.10355138143072656,38.9048109900623,0.23503105046198106,0.6728011363971391,0.03070417550751932,0.045636331222537276,23,2.8563596920174312
8.off,Human,0.4903166295393386,0.008952808035819536,13.003460729208749,1.002764080173703,0.07690260468536435,29.479693022318344,0.08128456595359204,0.8106050893472738,0.039660803307891755,0.048927404761087735,10,2.994005488666414
9.off,Human,0.476558525029117,0.008812151866972168,12.32345288830668,1.003195818506046,0.08114608860548063,29.55107601272919,0.08262092959414767,0.789127659314178,0.038161588958622206,0.048359208435030665,9,2.983572017957404
321.off,Mech,3.655644836053892,0.4429355851674064,2.201701645732205,1.0426163321732775,0.454194146576766,1.4875970888197063,0.510013103900402,2.366763981381089,0.2624506899635928,0.1108900980529726,11,1.7018334002807398
322.off,Mech,3.6443621182055126,0.4434209310160847,2.1766059827185473,1.1654509667267832,0.45943087905649116,1.6710740292860202,0.4944141868106815,2.9471498530591838,0.36643484571409746,0.12433532870197721,10,1.6856241770636977
323.off,Mech,3.631264788652319,0.4439402026737953,2.148188710651277,1.153824109914351,0.4655084513952338,1.5375874492398984,0.6785875595604612,2.8757348778251854,0.3549820031809856,0.12344044853308789,10,1.6687123841897342
324.off,Mech,4.4895783263812055,0.5885230805723262,2.3101346048659384,1.0924532334236423,0.43287520904351456,1.7525991499433085,0.7797145648510783,2.4484205759408026,0.3161462254451679,0.1291225161852306,109,1.2984633208756153
325.off,Mech,3.0429297501258934,0.32126328486876143,2.4137996165714766,1.158989445827689,0.41428459642411597,1.558581821096534,0.4953253273910946,2.8106793375230144,0.34103500045592977,0.12133543513949048,12,1.6880434597131042
326.off,Mech,3.4422921565950864,0.4211528714633971,2.0333459555277145,1.2146061620248665,0.4918002257714526,2.416251908134818,0.6251630375627677,3.1172971508737377,0.42855974687803366,0.1374779901100907,24,1.4583423259617367
327.off,Mech,3.369466978331154,0.3772328169084169,2.376907641550677,1.2740337441070686,0.4207147061665414,2.67473548869509,0.5942098152897392,3.0231921001601973,0.3701096453469484,0.12242346271258664,11,1.7835449211277734
328.off,Mech,3.6191272161611407,0.44647912562923225,2.1026009504877026,1.1083920937078253,0.47560142107233805,1.4947963313434558,0.4602435069931832,2.657968893199165,0.31419812609363684,0.11820985824836497,9,1.6818611062154147
329.off,Mech,3.6463713869849497,0.44466050379480176,2.168069575256348,1.1122748787254169,0.4612398104806033,1.5598666009770275,0.7481592770410964,2.6871170613994875,0.31816328651620807,0.11840321029799285,10,1.6947563022416647
330.off,Mech,3.6514205494280425,0.4441318998832528,2.1822738942107085,1.135641774615729,0.4582376220752451,1.549407499987009,0.4934073530671009,2.799259953837245,0.33902313486169394,0.12111170111120215,10,1.6874023490051706
331.off,Mech,3.2635272133765127,0.3156549580876503,3.084495289403615,1.1626610601916636,0.32420214854448665,1.8108846520628517,0.5126459409551503,2.7586183022195416,0.32657475290215954,0.11838345038144732,9,1.7404327721155746
332.off,Mech,3.0293757625466093,0.33837249319995905,2.1469254438223566,1.1531318189980495,0.46578236001507983,1.7549342719139711,0.40440300865597406,2.7895581996428076,0.3384446790382219,0.12132554864120006,22,1.675631536362803
333.off,Mech,3.2788141839414844,0.31516133554263503,3.1378499899499452,1.1386637840560316,0.31868954959696844,1.8467686547586493,0.38835410252368874,2.5753710347009537,0.2994252718751653,0.11626490623706727,8,1.6845741883459995
334.off,Mech,4.3759479702193955,0.5559050885351446,2.3975229691392967,1.109087406136958,0.4170971510479405,2.0951598910839797,1.042696927488978,2.2088846907439112,0.24622621734618388,0.11147083339296425,53,1.571803225348727
335.off,Mech,3.655643669404872,0.4429353456212428,2.2017019192297873,1.1893558365294055,0.45419409015632145,1.527641735385068,0.7587136692021625,3.0589978169187564,0.38903217295743336,0.1271763486739898,11,1.6722996149098555
336.off,Mech,2.0156424041949275,0.18974444907696802,2.011175297937821,1.064480197964678,0.4972216996824495,1.540811576274142,0.3096041266217517,2.04130096751064,0.21381125432437137,0.10474264095662164,127,1.6451580548048974
337.off,Mech,2.8642395912599805,0.3458246695298076,1.7372555825253435,1.1003873434393552,0.5756205419966821,2.4907803458965043,0.5759014076175242,2.796263035031288,0.38403875181502145,0.1373399952021053,125,1.3107853908522247
338.off,Mech,3.3261494444542743,0.41060990202169895,1.9298078318201772,1.0885373798900622,0.5181863103212764,1.4525153613146675,0.4828617042982904,2.550370977173573,0.31435693611350485,0.12325929793236913,83,1.484265540092445
339.off,Mech,3.2635242775123436,0.31565440023483843,3.0844978673636776,1.1851411246538788,0.3242018775829794,1.9533174225307965,0.4538522877318723,2.8366283343913103,0.34416434891613834,0.1213286720517758,12,1.703817892664697
340.off,Mech,4.375948079724095,0.5559052529926443,2.3975217305744936,1.1633314504782943,0.417097366521212,2.0600675805275754,0.9671348775261229,2.4727715565960264,0.2900949854409073,0.1173157239968608,54,1.5886168797799056
121.off,Octopus,0.5796290700169918,0.012746468704175016,10.597863799682415,1.0105816731170163,0.09435863858053799,5.698459265572208,0.06364748068744448,1.201886385089707,0.06692810376874622,0.055685882292235804,15,3.4270530871461182
122.off,Octopus,0.7148460681082477,0.01572205915359798,13.066713620248278,1.0571716180397757,0.07653033724182892,6.038926521139867,0.05223586405850549,1.627498912112412,0.1146629922791193,0.07045349857118643,10,2.8991000620707625
123.off,Octopus,1.6262365650442798,0.07247519983131623,7.239689639903096,1.031734675747018,0.1381274681290599,1.5390282699320348,0.09532526344728559,2.284911212472917,0.26036206029603126,0.11394843654088695,24,1.5559663981626646
124.off,Octopus,0.21093408582110387,0.0024852253146821924,13.435578920985238,1.077455177269557,0.07442924535526226,3.9746983360922137,0.007234701956370411,1.4834041326945488,0.11109789959646334,0.07489388572395178,9,2.3383762087418325
125.off,Octopus,0.8843284944247888,0.029951631080103413,6.816281654795351,1.0507086219158466,0.14670755268695299,7.214041509926264,0.04359811078395761,2.0091772031030986,0.21518921300980104,0.10710315281173279,13,1.5486788151919562
126.off,Octopus,0.5773018159931971,0.00875851039021722,22.176647758669173,1.050328072359822,0.0450924779471724,6.327473307648064,0.020247224110889007,1.8816585075166077,0.17362216942902467,0.09227081786384785,9,1.9541580891146515
127.off,Octopus,1.2834212604198856,0.04077671210632628,11.241671865223378,1.0562515711792562,0.0889547401835794,3.238103122122896,0.08062070488353285,2.029346245727375,0.20570901853062423,0.10136713681252175,12,1.7462620642954254
128.off,Octopus,0.5854571332815599,0.011025473679828285,14.59615338257594,1.0011138803420003,0.06851120112191636,8.108093136577395,0.05128034041649837,1.254157629055595,0.08590787210340357,0.06849846471698608,16,2.363404595625587
129.off,Octopus,0.5998888024406945,0.017178998798195583,6.4679133678618514,1.162274487904148,0.15460936829625127,5.871382213230826,0.04681114017294451,1.8976383974418969,0.16687089355029852,0.0879360861243365,13,2.1698355578761688
130.off,Octopus,0.7831305107927664,0.02458245870153989,7.027476845943385,1.115856101428853,0.14229858339230966,5.193781914399951,0.0592440710106649,1.7535100964631096,0.1464339454969554,0.08350904040548025,7,2.223253121853679
131.off,Octopus,1.3424749359483807,0.04777717681212982,9.37184761060803,1.0886660318553252,0.10670254591721019,3.69796266075121,0.06355533516057141,2.1237972016405724,0.23062156357757851,0.10858925861632644,18,1.5925274786385952
132.off,Octopus,0.6972317794586228,0.02406606542187534,5.174506800176011,1.0101632390900597,0.19325513302368932,10.566203100104191,0.2961884859059755,0.9003077800794552,0.05438678745008729,0.06040910525652402,70,2.181392537824053
133.off,Octopus,1.0372660585519788,0.0359547796182379,7.633168785949804,1.0004109723323453,0.13100719085901477,3.334822727831653,0.09069935075816661,1.496278000616074,0.13403292994144808,0.08957755837234904,24,1.6487753120618582
134.off,Octopus,1.1061320896825502,0.03003428471255673,13.265817394292,1.0642180654969593,0.07538171002039262,2.111840397481823,0.06311488588714029,2.004734043368291,0.22212837464754792,0.1108019167841011,8,1.4438093340222156
135.off,Octopus,1.6534063650987278,0.04610493997876742,18.801457622641284,1.0612853507618727,0.053187365579345815,1.4239863750542048,0.06906500363259625,2.554793128245848,0.3323308562523024,0.13008131757442326,16,1.334976164268367
136.off,Octopus,1.5486126670412286,0.067200338731817,7.27165262686463,1.0017320535759886,0.13752032052597885,2.5893067341795577,0.14841666407033774,1.5459949849287127,0.13893647269347978,0.08986864384937593,28,1.6925415196915812
137.off,Octopus,0.9413449623408822,0.031259648571256016,7.547895041874298,1.1132571760541452,0.1324872688944651,2.2178056466461897,0.056588494955227366,1.8327469830791026,0.17189881265938414,0.09379298629131334,13,1.8420839242113867
138.off,Octopus,0.984239126840225,0.038771077524530885,5.6083326020491375,1.1718940302280443,0.17830611537458144,3.243347720933516,0.0786528415901601,2.1705344153004065,0.23751598524224,0.10942742191414057,13,1.6027359110548178
139.off,Octopus,0.8000938243989009,0.01867026291488436,12.991805612951211,1.0646664047595087,0.07697159500317066,10.770005988432143,0.06857429382015154,1.5143576019650897,0.08759898359953136,0.05784563929012506,12,4.001610540439473
140.off,Octopus,0.9527983473728904,0.02692401364289371,10.55045059684278,1.0516630206876734,0.09478268163250296,5.514578195391961,0.06308535855730657,1.5578546323071731,0.12779218615020416,0.08203087983950384,6,2.0470093066449
201.off,Plier,0.4661511777417797,0.009409070548183528,10.11659896408848,1.0510163216886033,0.09884744898456113,65.37783389149799,0.1690650211495801,0.9716540928067706,0.033931853288932834,0.03492174173930099,47,7.044781350703487
202.off,Plier,0.4689005370109265,0.00941989831601003,10.273002346670621,1.0775736950675774,0.09734252619187711,62.612071304612854,0.15236880829640603,1.0783665077604174,0.03833640017291768,0.03555043660669304,52,7.544390158348404
203.off,Plier,0.4881426012838597,0.00993472032487974,10.420209932694256,1.1021760032041819,0.09596735636413799,60.87132189617344,0.14418469889135657,1.196897585187307,0.04355141163449009,0.0363869157841726,40,7.9930793810048755
204.off,Plier,0.4726464697829246,0.00967650701527352,9.97056227429179,1.0001014083511104,0.10029524639532228,90.56476386517677,0.19347462761621134,1.0616573741060122,0.03364087175869014,0.03168712673146366,36,9.34902423501612
205.off,Plier,0.4978164605856809,0.010208246845480991,10.467743164866445,1.0740270247857795,0.09553157583731745,66.70334080103665,0.18978343403918546,1.1303107591951078,0.03971617698814335,0.03513739621166233,29,8.094803979359593
206.off,Plier,0.5113004412801262,0.010528544319890728,10.66201943691488,1.1210972566179909,0.09379086259566566,59.670058332199204,0.14234165075835592,1.2969941940041116,0.04721313450249482,0.036401962877518595,30,8.654381856729971
207.off,Plier,0.5651073538810637,0.012153619360939552,10.802623552757185,1.1517551714978977,0.09257010531897755,56.688101071834,0.15574185874356278,1.427395814681419,0.05194020038821284,0.036388085108548116,34,9.531771921941049
208.off,Plier,0.6578403777769213,0.014932534735935869,11.288653405806745,1.1988307525438073,0.08858452501390576,58.14943782093928,0.158854396290183,1.6193250761668587,0.06104940331817128,0.03770052364203654,37,10.073651052617
209.off,Plier,0.6325448761686471,0.01413195200144282,11.20514150899453,1.1790285814402457,0.08924474529815492,69.10793855077486,0.15879627993841883,1.6030291602140003,0.05953287281286296,0.03713773541394311,29,10.276807308078547
210.off,Plier,0.5764784910447094,0.01260391662545169,10.663159542877413,1.1066715670083533,0.09378083446833187,71.38315556163728,0.16639876659752798,1.3920878069405587,0.05037569835604703,0.03618715579928791,37,9.399513060756243
211.off,Plier,0.5143443333418883,0.010720655305171556,10.468075341011495,1.0420438776387302,0.09552854440034755,83.89442011085487,0.18621032059657208,1.207231885358808,0.0397539430814138,0.032929831926695935,22,9.843720996176176
212.off,Plier,0.4452858529971612,0.009225673777974171,9.172086284542367,1.000192881018941,0.10902644926981235,91.13997245957049,0.23155209909069369,0.86917303588348,0.02672187468862102,0.030744021714225512,29,8.130785706101495
213.off,Plier,0.4810844778548353,0.00982596853489508,10.196730061121885,1.000006388068579,0.09807065539694948,100.43789164481903,0.45965529752448664,0.5445094784071951,0.015449718902383561,0.028373645482861462,56,5.980297570576798
214.off,Plier,0.4639237191477053,0.009359593302937862,10.077977923288202,1.0000081467718631,0.09922625427559223,88.21459327938055,0.3406499640016242,0.6579618666564537,0.02001416040239201,0.03041841999764729,44,6.287457268435595
215.off,Plier,0.4658402240547905,0.009335590948487064,10.255927827126436,1.0000264011813085,0.09750458630910487,79.7911616642946,0.2790746938103448,0.7674085613749219,0.024569901253028048,0.032016715071574865,36,6.619431988618552
216.off,Plier,0.46714067874767495,0.00934170948286659,10.328517142876922,1.000016018777304,0.09681931938212945,76.20744700926662,0.24610382684975898,0.8494200173617925,0.02782607535158251,0.03275891170778776,27,6.9986002319188385
217.off,Plier,0.562895627819496,0.011975108174908265,10.996952830385528,1.1205439387919833,0.0909342811071185,63.08280425208456,0.19820428006392304,1.3098366867221967,0.046512759454322344,0.03551035020306103,17,9.184486203656013
218.off,Plier,0.6578667771954532,0.014851922958818025,11.412902712938193,1.2124676781484396,0.08762012830148407,55.32958341762745,0.1880182661574114,1.6160124775214757,0.06050564516266793,0.037441323012225226,26,10.192716934943173
219.off,Plier,0.5298846364701657,0.010099688186085178,12.896613309448755,1.1819162105252767,0.0775397366739178,84.75704516265398,0.11317369569625005,1.2481825626119134,0.043363852390340886,0.03474159445041345,46,9.143790035085228
220.off,Plier,0.561828444117768,0.010953448463100516,13.069442322614918,1.1669525911449166,0.07651435886209422,89.11960963055108,0.14236381568213405,1.1385888786229659,0.039254067481678825,0.03447606789305157,31,8.469916119950433
141.off,Table,1.6921216798047385,0.029857362182009593,48.05510418960588,1.176166949242257,0.020809444009410677,6.498113581527943,0.08661484860636934,2.2899604293983624,0.22605350968191457,0.09871502877510649,67,2.077825402375472
142.off,Table,0.9619866246500316,0.010960596295290555,65.52188207036387,1.000536033028267,0.015262076857409271,69.79325654464427,0.13627783956695572,1.0640670479598042,0.05594484670162881,0.05257643003689948,85,3.403568007262174
143.off,Table,0.9071909410155442,0.010315622777393124,62.037292572516144,1.0008905878347065,0.016119336588247914,113.71642650175764,0.1286532471120309,0.9965008806258747,0.04723122488849849,0.04739707290457572,121,3.922132576906272
144.off,Table,1.4700989388001453,0.020645646223728324,65.90681985205647,1.000004682017128,0.015172936613308574,45.42118759365054,0.10964853458378997,1.6429580713972314,0.11371511966255994,0.06921364680101207,167,3.032429005267883
145.off,Table,1.9924720519090517,0.04103349424648205,41.538168041304004,1.2602209437959833,0.02407424417479455,1.9656284847886416,0.051831565639455714,3.6567821825418205,0.5371571153427352,0.1468933856403114,75,1.4984499355107512
146.off,Table,2.439473389157858,0.07269897324421917,24.287305024142487,1.1590612460913439,0.04117377366512928,2.0077699571060474,0.10706770484944053,3.1842763177205082,0.4327247222413968,0.13589421239396918,41,1.5246018821020473
147.off,Table,1.981018837277104,0.0575288836441964,20.770241636481433,1.067652637498348,0.04814580482509034,8.922010096177159,0.1264989323686766,2.569363732478206,0.29256413076122645,0.11386637363291577,123,1.7521941936212748
148.off,Table,1.9710729588544165,0.042756726723785235,37.03794019934958,1.0028109793107929,0.02699934161072923,16.114170270623003,0.14112338403179706,2.1609223971092657,0.19715067665451094,0.09123450102523147,88,2.295454004785636
149.off,Table,1.829196408611656,0.04069770618175785,32.67298267744473,1.0027991990561096,0.030606327248180316,24.350464976102238,0.13500841956768286,2.067455609053013,0.17959268170367293,0.08686652371991406,138,2.422584510052087
150.off,Table,1.5930941187050467,0.03095617662394205,37.30588075315518,1.2136220489198688,0.02680542530591304,2.2108949091666896,0.04680775870881427,2.7747530353936334,0.33628197709065955,0.12119348021289893,35,1.6703729477659202
151.off,Table,2.6232176833078835,0.06439478076161527,38.49012154385607,1.1265392572241821,0.02598069218515169,8.302743749958426,0.17827934490165084,2.2634125974957398,0.21908417884703058,0.09679374369897353,46,2.1360763929820408
152.off,Table,1.0288097859207344,0.019293516952579748,25.86604830183171,1.0848328338563145,0.03866071803203061,12.317053921552441,0.1108390340491708,1.7744701059228631,0.15049966884294805,0.08481386546925031,65,2.181135266051548
153.off,Table,1.745465872454926,0.030997065125166482,48.93736266147146,1.213881228527674,0.02043428467769276,18.49870270255904,0.1171373379495891,2.162589980334329,0.19312655372248216,0.08930336100633623,56,2.3976523069801114
154.off,Table,1.9471060638489741,0.0478451738273872,28.51282055711731,1.0232823085538811,0.03507194239155628,8.306407680929748,0.14357457453132286,1.8827370358636224,0.16916027845788698,0.08984806440602693,42,2.0621480472381832
155.off,Table,1.575156482549548,0.027782235630877176,44.76971816069599,1.0009741980415912,0.022336526587248322,4.469425378381976,0.07533438513239887,1.8943627831205103,0.1820573998921257,0.09610482295911113,90,1.8135119156505328
156.off,Table,1.016742673317549,0.013436505986205438,51.476389847447834,1.1495111986154973,0.019426381744398483,15.254262661468275,0.058054651492222366,2.1648663157419605,0.20664806148775128,0.09545534520311809,27,2.10076853748295
157.off,Table,1.904199167176668,0.04794659399462433,26.556400908016105,1.0082041248163964,0.03765570505821623,10.368093621072104,0.11919576010774861,2.229743025103124,0.21932247448191322,0.09836222022570054,88,2.037726036286092
158.off,Table,1.5163028736349466,0.025949177723536374,45.77815651221162,1.411141916945422,0.02184447946769642,2.122078238242485,0.028652471148645168,4.0398590659587805,0.5742603807237682,0.14214861740170107,33,1.767781405108878
159.off,Table,2.132901273571186,0.038418719569285324,58.12649209268894,1.3188637725198131,0.017203859445111404,10.612233033993755,0.09920884478819456,2.4343333362936734,0.22357622403724609,0.0918428962475804,46,2.551740647347015
160.off,Table,1.0676860141532831,0.012069571078301887,73.87451025185882,1.117219914662686,0.013536468757501348,12.448340739833533,0.05335164740361722,1.9418618879934084,0.1530935595840719,0.07883854177820475,40,2.7624142075241465
161.off,Teddy,1.5980275358256293,0.10279494689762796,3.414733921327198,1.099382536192067,0.2928485858749814,7.450977890224314,0.32970079860433077,1.7871463736613975,0.16377720832483852,0.09164174280213079,42,1.8815729943167263
162.off,Teddy,1.1224844310042834,0.06360766885635613,3.0907910467343656,1.0252835001853784,0.32354176807150037,6.995448079233597,0.2676618794250873,1.3036314151660702,0.10386008659290782,0.07966982490957925,35,1.8159952939503974
163.off,Teddy,1.2116403045342197,0.06895432416416036,3.307849550477759,1.0476478286279962,0.302311209968896,8.556654770311836,0.2773991594130784,1.4211908153220287,0.1175482574365815,0.082711101260492,37,1.836844584025571
164.off,Teddy,1.6146910222481363,0.10646862568868297,3.283769176246731,1.1020464106926628,0.3045281036296759,6.6635167595339695,0.32488760214782697,1.7491365496783506,0.1641518895010931,0.09384738403144058,23,1.7560100566624868
165.off,Teddy,1.1371747167575477,0.06385077467118523,3.1893110014924164,1.0344275751320664,0.3135473459728627,8.439799593827047,0.3131804493392129,1.363120604538603,0.10866128877199621,0.0797150952088913,33,1.8967092874461549
166.off,Teddy,1.2493540420645388,0.07100320867669674,3.42017442264586,1.0508085048691815,0.2923827490723108,6.570391594496048,0.23203795807374716,1.5577839030797316,0.13827286302212594,0.08876254450232868,32,1.7482170504342915
167.off,Teddy,1.4005694672096165,0.0837659862764052,3.461992933116641,1.0581468714610662,0.28885096512885,4.843700370464876,0.22240491404141924,1.689379510293699,0.15983335416866223,0.09461068587298964,34,1.6687622520141738
168.off,Teddy,1.2044550743419755,0.06951565433000338,3.197085224972846,1.0504138265674583,0.31278490550982835,7.924300484270472,0.29024918648986914,1.408791144541206,0.11458113255226562,0.08133294491255529,34,1.8830473664255025
169.off,Teddy,1.3775373476986923,0.07761854990832086,3.8364250984039296,1.055267749439106,0.26065933110906575,10.612895200083758,0.2682051635215497,1.6740289690031698,0.13706979397948993,0.08188018040160354,40,2.207765863622407
170.off,Teddy,1.3741313417493062,0.07770981843977469,3.7990986759500434,1.0470471266858925,0.2632203281084636,9.172081086563892,0.26953907704921937,1.6236083247375768,0.1319087564765346,0.0812441981645142,50,2.174924484249362
171.off,Teddy,1.250502385840048,0.0671230753897417,3.8375805795372107,1.0475800578444794,0.26058084756114597,4.617453249504543,0.2523455889704272,1.3783594903468674,0.12223971781349124,0.08868493210195065,40,1.5495673306799693
172.off,Teddy,1.1357997114486738,0.06535026238529405,3.033599312985072,1.0122255515841005,0.3296414248643789,6.77410366271406,0.3128200935804379,1.2741783278536394,0.10321519569257333,0.08100529842352594,32,1.7169236699320818
173.off,Teddy,1.537595046123914,0.09558845865186376,3.5177309705947177,1.0772721715263591,0.2842741552322113,4.403435679477688,0.3577237429799941,1.5541882794694795,0.14443546128542517,0.09293305270242294,49,1.5911489975150979
174.off,Teddy,1.0954351058402323,0.05635792733154558,3.659296207244445,1.0729202368109498,0.2732765929197704,7.0945182021570945,0.17734404570148526,1.4699219977211322,0.1226885114438977,0.08346600134844276,34,1.865617898970516
175.off,Teddy,1.0930670369170865,0.058740202536670526,3.3467027482564395,1.0617475465687987,0.2988015593918458,7.753873059329183,0.2703347959096642,1.3695774926140778,0.11034392142863887,0.08056785543257448,29,1.8655660486751018
176.off,Teddy,1.6331624126970985,0.10054296005090888,3.8100653148724977,1.1315263614446185,0.2624626922001899,4.38629548355088,0.21067813646050873,2.018877026010591,0.2169321787384818,0.10745190318359876,50,1.5460704098401776
177.off,Teddy,1.4534636579277065,0.08620962420823512,3.6529914379316035,1.0277506061046262,0.2737482463321129,4.8178030590472485,0.25805531755317973,1.5718155359956605,0.14271364626158256,0.09079541650616219,42,1.6858594053223577
178.off,Teddy,1.4152013032506159,0.08700282570854241,3.3108200000482637,1.1022919565204445,0.3020399780070866,5.9272361227253985,0.27074682830076596,1.6001146033782518,0.14413323995632887,0.09007682303006714,41,1.7437033203623367
179.off,Teddy,1.5436638843782553,0.09625707957754062,3.5102697765727027,1.0624453410946924,0.28487838931182174,6.106532553818587,0.2513150962487966,1.694620932475261,0.15827826894452957,0.09340039764134106,37,1.7176028134051358
180.off,Teddy,1.0940613083727695,0.05865840954317275,3.365208971133875,1.0514968019604494,0.29715836626426784,11.12294874296436,0.2785673214336004,1.3463335753898376,0.10059587728485855,0.07471839009565703,33,2.132285193983585
361.off,Vase,1.4126921254618858,0.067844156715592,5.415833474637134,1.008295612027047,0.18464378653499883,3.6520187318551565,0.2722280446637489,1.3543453451440113,0.1259728616657781,0.09301384031587825,52,1.3841459761948436
362.off,Vase,1.3401511171730802,0.06638642679916823,4.828923855897885,1.0605205966258768,0.20708547698026628,7.400405537683657,0.24322829248722494,1.4974909123054498,0.12594356984514968,0.0841030612007216,48,1.8719240101664123
363.off,Vase,0.7911831068439011,0.04533471075618571,2.1306737007794694,1.004405930533432,0.4693351213910265,9.724777496906514,0.3420048678279727,0.9860302595031948,0.06796133765182304,0.06892419070999396,146,1.8352469818891202
364.off,Vase,1.6190549390249802,0.08097934680603443,5.722474226121529,1.0018844650402954,0.1747495856661571,2.992640787193163,0.16730894050188375,1.7443686831443939,0.18122700514778584,0.1038926041833694,45,1.4289487165818369
365.off,Vase,2.679547372597208,0.3247581296035201,1.6129164899097002,1.0318840677297463,0.6199949013206415,1.7837658849449667,0.44037123108988485,2.632347986350015,0.3617530792892303,0.13742600946572917,174,1.2324038767792236
366.off,Vase,1.3000422002199037,0.0918601696840297,2.302318959836831,1.024013953063419,0.4343446835319775,5.12503176270396,0.3397376249822824,1.4383551783119033,0.13247338465935304,0.09210060676030504,68,1.4993008426003813
367.off,Vase,1.2954359703293417,0.10842158263358673,1.635174092171695,1.004257752733834,0.61155567764157,2.2778120293527824,0.33334108936748047,1.3571521785025737,0.13240371249936314,0.09755996018475392,126,1.2607615221823216
368.off,Vase,2.5374378490546228,0.3090210972108451,1.5127167194598958,1.0135730944033092,0.6610623040889259,1.662134070942589,0.6900479680984974,1.6344885252072616,0.17661636881322546,0.10805604694644741,97,1.2377454868539433
369.off,Vase,1.8602449863086663,0.17304727543885026,1.9007654221705277,1.073068098794532,0.5261038465536042,2.914778641712125,0.41036278498887635,1.9014027410685246,0.21725167465125073,0.11425863125092718,106,1.2877860250431634
370.off,Vase,1.4715312401278693,0.1356794444774703,1.5304811055928476,1.0130532296099917,0.6533893142134805,2.572136363947332,0.3657986157692419,1.5820531545969452,0.16807415649205348,0.10623799586232817,136,1.239392771725818
371.off,Vase,1.6954597590736231,0.16860851957651474,1.515831946002533,1.04760350064753,0.6597037373682115,2.8912402638609525,0.3872428971614851,1.9133928807499438,0.2181928519612043,0.11403452691623103,148,1.301005252407153
372.off,Vase,1.4364013405681122,0.11434204131975438,2.0043019512091957,1.0622043319481556,0.49892682058045185,2.5337081810978184,0.2788260338499839,1.704190627488564,0.16479574975396197,0.09670030282751794,78,1.6114251249736795
373.off,Vase,1.1081423735839744,0.07248800799797127,2.289823360418968,1.0056496332390679,0.4367149087941134,5.831533407307762,0.4044248407495055,1.1683958937327348,0.09499799051581077,0.0813063371973311,134,1.5627476516148737
374.off,Vase,0.9903445159112412,0.05296786516175718,3.061128712265268,1.0122496748054497,0.3266768875131648,9.851382346878315,0.42859989810489185,1.0606203000625154,0.0750972762487881,0.07080505270770482,134,1.8705919492989738
375.off,Vase,0.9058499570957336,0.049189524722360885,2.7162589987747094,1.008150371028705,0.36815340527213897,4.049092969838322,0.23773037190034457,1.0866688112671028,0.07598321705610811,0.0699230678825763,44,1.9651869860287547
376.off,Vase,1.5461946985014772,0.11026339805770972,2.6882980779796184,1.0000432189996147,0.37198255959456206,4.054531283940232,0.36999469282680003,1.4788517333647344,0.1252657743237059,0.08470475538389294,61,1.8224544229583453
377.off,Vase,1.2083119730676304,0.08199035859768768,2.3203809509009456,1.0085170740660896,0.43096371723432964,4.905362918662752,0.3307819234729543,1.2567273025802828,0.10721287493647394,0.08531116871285202,87,1.5267815165714624
378.off,Vase,1.442897306518777,0.10939295237855358,2.219602511530198,1.1289068044665334,0.45053111753356156,2.64119267044687,0.22633871176953033,1.8844932773113199,0.18953377833209945,0.10057546005285553,71,1.6472448689923211
379.off,Vase,1.27820371580585,0.10757702304527406,1.5955440904802158,1.0034677756481973,0.6267454506374857,2.2513050197923064,0.33275921759064436,1.3434954660453395,0.13047968533222026,0.09711955762403511,138,1.2594195790398053
380.off,Vase,1.9326140035487067,0.10440856003614132,5.854782693530585,1.0144597132916884,0.17080053220506022,3.5321615172482175,0.273107114253862,1.539872295645134,0.15073369859977015,0.09788714234683976,85,1.4209573136833236
