Image File,Class,Vertices,Faces,Shape,Area,Volume,Avarage Area per Face,Min Facets Area,Max Facets Area,Avarage Facets Area,Length of AABB,Width of AABB,Height of AABB,Is watertight,Is volume,Avarage Length of Edges
61.off,Airplane,2002,4000,3,0.4969876862886907,0.009663948420947657,0.0001242469215721727,7.771343183256594e-05,0.004206834684409969,0.0004222122377511898,1.0,0.537757874,0.2081652191,True,True,0.019539576927052195
62.off,Airplane,2002,4000,3,0.5443390099646975,0.014112718070289973,0.00013608475249117437,7.661435815235049e-05,0.0094144711958503,0.0005248815086892533,1.0,0.8259951221999999,0.1855744041,True,True,0.021490368641938724
63.off,Airplane,2002,4000,3,0.5440900282372115,0.013228204196862015,0.00013602250705930288,6.129706729801253e-05,0.005755801163120218,0.0006051284117882433,1.0,0.8606953226,0.17866440220000002,True,True,0.021591344201393733
64.off,Airplane,2002,4000,3,0.6670341506560789,0.015618791227666275,0.0001667585376640197,0.00010176971316712423,0.004082900059435502,0.0005771184370053619,1.0,0.8313336688999999,0.2244728947,True,True,0.024049134778598998
65.off,Airplane,2002,4000,3,0.6269865824796395,0.01302074689182236,0.00015674664561990986,5.674396455193788e-05,0.002248795178079405,0.0003996019427983343,1.0,0.9832815042,0.1951586476,True,True,0.02281518204905648
66.off,Airplane,2002,4000,3,0.746120641780688,0.012554006528509205,0.000186530160445172,6.917303388657197e-05,0.05389422854506073,0.0017998113709251722,1.0,0.8731808557,0.1794889178,True,True,0.022733297991105267
67.off,Airplane,2002,4000,3,0.7815412528017853,0.018311357505672646,0.00019538531320044633,2.0025825335593223e-05,0.029777205694189988,0.001190604469722405,1.0,0.9114828629,0.25219885259999997,True,True,0.025984638090627576
68.off,Airplane,2002,4000,3,0.6195513996249618,0.011753622530491878,0.00015488784990624045,6.393135444221395e-05,0.003275995330717073,0.000469103142804095,1.0,0.9168964795000001,0.2366769387,True,True,0.023176778466633262
69.off,Airplane,2002,3999,3,0.6299261767192017,0.012526553009551572,0.00015752092441090315,6.404421132858623e-05,0.02163268478792934,0.0009253102883249915,1.0,0.7475577425,0.1740344622,False,False,0.022662238594591756
70.off,Airplane,2002,4000,3,0.5160918405689771,0.007592694832732852,0.00012902296014224426,4.258985367358414e-05,0.027197006670098712,0.0008376067634728691,1.0,0.601923507,0.2115875754,True,True,0.019263865458724567
71.off,Airplane,2002,4000,3,0.5575059590492037,0.011207839226886599,0.00013937648976230095,7.004025905880799e-05,0.0054851865944392725,0.0005195918956630411,1.0,0.8140643874,0.1983273017,True,True,0.022003023418136272
72.off,Airplane,2002,4000,3,0.49131645427237114,0.00851944666386657,0.00012282911356809278,7.10122157875287e-05,0.004208032613178788,0.00040279952762692145,1.0,0.731671237,0.18119353030000002,True,True,0.020179428664926356
73.off,Airplane,2002,4000,3,0.48408048889475175,0.00866949929356984,0.00012102012222368793,6.704419576233564e-05,0.013970414506896336,0.0004843332237531646,1.0,0.8074652726,0.191869397,True,True,0.019837267209829455
74.off,Airplane,2002,4000,3,0.48281970383760153,0.009729590468659498,0.00012070492595940038,2.747173586953739e-05,0.011089209977089003,0.0005916573593674071,1.0,0.6980323183999999,0.1903449874,True,True,0.01966937671722645
75.off,Airplane,2002,4000,3,0.8617506995084869,0.018669015779090276,0.00021543767487712173,0.00010199548738000363,0.012719119682331435,0.0007142924781947913,1.0,0.9617963019,0.1844737375,True,True,0.027686373378095357
76.off,Airplane,2002,4000,3,0.5919019949066856,0.014567934514902079,0.0001479754987266714,6.796663536889588e-05,0.005891544505349648,0.0007827127190917575,1.0,0.8036261524,0.2389174834,True,True,0.023244159800812653
77.off,Airplane,2002,4000,3,0.6422522317397157,0.013645740587876718,0.00016056305793492892,8.006523381541274e-05,0.005090254838653628,0.0005441144783337927,1.0,0.9768904026,0.2299188299,True,True,0.024225745423377895
78.off,Airplane,2002,4000,3,0.6944953900338355,0.01326200626552794,0.0001736238475084589,7.567112936992233e-05,0.010938296566879694,0.0007565235063630723,1.0,0.9682331738,0.2726241606,True,True,0.02504560392023162
79.off,Airplane,2002,4000,3,0.6885916374829602,0.012781083191143034,0.00017214790937074005,7.175263510953046e-05,0.006833542192576283,0.0006829767717229236,1.0,0.8455359753,0.2906012161,True,True,0.024622408607940172
80.off,Airplane,2002,4000,3,0.7250175737870845,0.013695148441822931,0.00018125439344677114,8.355929456621547e-05,0.0065476700859269195,0.0006615069899941415,1.0,0.8563845896,0.2740949319,True,True,0.02531128570204292
100.off,Ant,2002,4000,3,0.8119163642032744,0.017889912777725656,0.0002029790910508186,0.00012445171237189992,0.003958385108141991,0.0005645056443438233,1.0,0.5555282843,0.4487797339,True,True,0.026235540557957914
81.off,Ant,2002,4000,3,0.6567051489070397,0.015477277510293819,0.0001641762872267599,8.54797888836234e-05,0.0028919712311161034,0.00047328064454211133,1.0,0.5507890214,0.4076791338,True,True,0.023336110236618073
82.off,Ant,2002,4000,3,0.8508681909848048,0.023075835273709978,0.00021271704774620122,0.00010264899296290414,0.004867638392245624,0.0005545704962439929,1.0,0.604128951,0.48447302170000006,True,True,0.026843121755115138
83.off,Ant,2002,4000,3,0.648942514748919,0.015666988048847766,0.00016223562868722974,9.22062525467653e-05,0.004939837104175723,0.0004921299323789807,1.0,0.583446641,0.3331380144,True,True,0.022791063789282976
84.off,Ant,2002,4000,3,0.7404102489145137,0.01719681134750071,0.00018510256222862843,0.00012899027953305105,0.0017032605483677614,0.000501806872567766,1.0,0.5862694208,0.5018980065,True,True,0.025051157876552353
85.off,Ant,2002,4000,3,0.8342540768184198,0.02115201183209934,0.00020856351920460494,4.997609236628026e-05,0.0017615134670398093,0.000504379916072916,1.0,0.6686071178999999,0.33366654760000003,True,True,0.026547898186773243
86.off,Ant,2002,4000,3,0.713434353263353,0.01914120018110712,0.00017835858831583825,0.00013294680456235204,0.0015265456446277243,0.0004359242542542644,1.0,0.47146686169999996,0.35642410859999996,True,True,0.02403720710376704
87.off,Ant,2002,4000,3,0.7828046647446381,0.021989869199858545,0.0001957011661861595,7.094486647495451e-05,0.00546693596171128,0.0005496605022685064,1.0,0.6517111225000001,0.5689056324999999,True,True,0.025104314189075414
88.off,Ant,2002,4000,3,0.8721106276594046,0.02338685415492347,0.00021802765691485116,9.927269458972224e-05,0.0031164252642221727,0.0005734899754716813,1.0,0.8485422075,0.5445967689,True,True,0.026982888672821986
89.off,Ant,2002,4000,3,0.7697321385896174,0.016652234333026178,0.00019243303464740435,9.428364085847126e-05,0.0011225180669588077,0.00042242278807222455,1.0,0.5665436935999999,0.3363384514,True,True,0.025853695958723392
90.off,Ant,2002,3999,3,0.8343308247967921,0.021601306813050173,0.00020863486491542687,1.577981208872931e-05,0.0015853594631352595,0.0005354859341080914,1.0,0.6223833566,0.4594362579,False,False,0.026341428596230912
91.off,Ant,2002,4000,3,0.9162168493526313,0.025941702416336705,0.00022905421233815782,7.188583415603649e-05,0.003082972298018392,0.0006332026183341084,1.0,0.6541844912,0.5161229802,True,True,0.02746780757467688
92.off,Ant,2002,4000,3,0.5928288842872854,0.0142302614845235,0.00014820722107182136,0.00010608696102640077,0.0038804219243785062,0.00043892415600661164,1.0,0.4953777561,0.3309078827,True,True,0.021788853028110983
93.off,Ant,1999,3998,3,0.8193181465572879,0.023386472703143386,0.00020493200264064227,0.00014339660530416303,0.00301133288937806,0.0005979378490598478,1.0,0.8266455685,0.3356923748,True,False,0.026228032565835856
94.off,Ant,2002,4000,3,0.6809772844120299,0.013565966007603328,0.00017024432110300747,9.316129465551792e-05,0.0014934911952246017,0.00040888980553935154,1.0,0.8762488238,0.2956328777,True,True,0.02401649357605413
95.off,Ant,2002,4000,3,0.7186332081868075,0.01914636623730019,0.00017965830204670188,0.00010691217068905377,0.0026317498035475172,0.0005280588717511162,1.0,0.6574599896,0.2959173068,True,True,0.024265429075823075
96.off,Ant,2002,4000,3,0.790997570928209,0.017159540655355857,0.00019774939273205225,0.00010436078869360929,0.001685300085725691,0.0005036746425262305,1.0,0.8165673518000001,0.2244618281,True,True,0.025997995124647132
97.off,Ant,2002,4000,3,0.8054592502891933,0.017814938912597986,0.0002013648125722983,0.00012038743808509886,0.0017794771895089626,0.0004941711426321083,1.0,0.6628734385999999,0.2232719099,True,True,0.026592987534186326
98.off,Ant,2002,4000,3,0.6255520706573326,0.01627477744291519,0.00015638801766433317,0.00012706077554112177,0.002371627421478019,0.0004894156133225935,1.0,0.4477559849,0.3940038174,True,True,0.02219130104312015
99.off,Ant,2000,3996,3,0.6969666434353018,0.014167103202292159,0.00017441607693576122,9.37389773513693e-05,0.002757545054155784,0.0005190904084955191,1.0,0.712488475,0.4046279341,True,True,0.02461661376010999
281.off,Armadillo,2002,4000,3,1.1001837171007445,0.03894178731695018,0.0002750459292751861,0.00016448962079949685,0.0022726014771982253,0.0006097015236014781,1.0,0.8957536847,0.4485437785,True,True,0.028693854596841505
282.off,Armadillo,2001,3998,3,1.138556370624468,0.040519454228672945,0.00028478148339781587,7.835977851102842e-05,0.0023444919209974695,0.0006775016493616336,1.0,0.6064059347999999,0.46802419939999995,True,True,0.029042911296572035
283.off,Armadillo,2001,3998,3,0.687331773211681,0.017904725480228728,0.0001719189027542974,0.00011541466894804357,0.0009130822896036511,0.0003889161954784561,1.0,0.44746077559999997,0.3523626422,True,True,0.022803109814282085
284.off,Armadillo,2002,3999,3,1.2721593559335616,0.04838643953391889,0.0003181193688255968,0.00011962756544178465,0.002836527459224152,0.0007134206442503172,1.0,0.7467550655999999,0.5980480442,False,False,0.031016469037872616
285.off,Armadillo,2002,4000,3,1.4470820108154958,0.05760468618372969,0.00036177050270387394,0.00010687988160619036,0.0018454950812991074,0.000781008953343427,1.0,0.6563955518,0.5804577011000001,True,True,0.03292156699922419
286.off,Armadillo,2002,4000,3,2.0585600253935405,0.09224633343120284,0.0005146400063483852,0.00016957398251962117,0.0031457283292987987,0.0012463723642125641,1.0,0.8451246048,0.8334746965,True,True,0.03948844506396029
287.off,Armadillo,2001,3997,3,1.5039310837557864,0.05887548182375396,0.00037626496966619626,0.00011251306527743396,0.00181516346868713,0.0008094998492071475,1.0,0.7811842577,0.5899266974999999,False,False,0.03361762342803709
288.off,Armadillo,2000,3996,3,1.832003044946168,0.08054734475891417,0.000458459220456999,0.00017560510242625802,0.0031174943628334744,0.0011565007210594498,1.0,0.8625528839000001,0.8531672551,True,True,0.0370353726323116
289.off,Armadillo,2001,3998,3,1.2651803800108437,0.045420141590567426,0.00031645332166354266,0.0001757745792965274,0.0019472776693261772,0.0008417837989492601,1.0,0.8561685279,0.6760595062,True,True,0.030819705926306742
290.off,Armadillo,2001,3998,3,0.8322237940355932,0.02264594589547557,0.0002081600285231599,0.00013677106837423978,0.0016244910401636324,0.0004661020831609549,1.0,0.6390800919,0.5074891,True,True,0.025091759105887564
291.off,Armadillo,2001,3998,3,1.1035921358005911,0.03970789982453603,0.00027603605197613586,0.00012198069866694401,0.001627646104260804,0.000674700498905359,1.0,0.4683849553,0.4645909281,True,True,0.028777121586749596
292.off,Armadillo,2002,4000,3,1.2759041691038053,0.051293468629428796,0.00031897604227595135,0.00013375854732825267,0.0022333253767656937,0.0006746596808152967,1.0,0.8918316219,0.4967783356,True,True,0.03089486046270997
293.off,Armadillo,2002,4000,3,1.0505435280400954,0.03839013669481886,0.0002626358820100239,0.00011525696574461478,0.0012844032934126695,0.0005524486127821874,1.0,0.5944052621,0.4645571495,True,True,0.027852503907414904
294.off,Armadillo,2002,4000,3,0.6299909829614262,0.016749282060460884,0.00015749774574035655,7.292023171233225e-05,0.0013005062612852294,0.0004038516133368133,1.0,0.3654616315,0.35662933519999995,True,True,0.021874889303315
295.off,Armadillo,2002,4000,3,1.0637095191705004,0.043481161357946066,0.0002659273797926251,0.0001162376806617865,0.0017258286697746138,0.0006222622125033648,1.0,0.7097229422,0.5476356025,True,True,0.028332612272392862
296.off,Armadillo,1998,3992,3,1.3259207146335132,0.05691485235459482,0.00033214446759356547,0.00022167198059857006,0.0022040274934078544,0.0007496181091542183,1.0,0.6534269235,0.44996728669999997,True,True,0.031616932066191046
297.off,Armadillo,2001,3998,3,1.423830952614639,0.06149991615807593,0.00035613580605668813,0.00020958891092259766,0.004396166369235484,0.000887250415274414,1.0,0.717916545,0.6338251514,True,True,0.03281144471764682
298.off,Armadillo,2001,3998,3,1.4135302304925499,0.05743097889535937,0.00035355933729178335,0.00016634565376635917,0.002265440545269168,0.0008138035868014674,1.0,0.7835166888,0.5879677238,True,True,0.03235088562545733
299.off,Armadillo,1999,3994,3,1.8183404341198317,0.08578113188002373,0.0004552680105457766,0.00030116854805324194,0.002508375238358825,0.000996118582303998,1.0,0.9012248299,0.8012921892,True,True,0.03675059876609895
300.off,Armadillo,2001,3998,3,1.222953743964624,0.04588211907906077,0.000305891381681997,0.0001534051340536288,0.0022195163058784844,0.0006362385415773613,1.0,0.9428098759999999,0.6853213141000001,True,True,0.03020607646703204
341.off,Bearing,1663,3322,3,0.7551099002788653,0.032316546737948974,0.00022730580983710573,0.0003893863845656957,0.05487280161326345,0.00483895468502496,1.0,0.3008470324,0.3003539432,True,True,0.03897446742965031
342.off,Bearing,1663,3322,3,0.755110050048228,0.032316530855627246,0.00022730585492120048,0.00038939746839951014,0.05487293356092578,0.0048389590794559265,1.0,0.3008480009,0.3003535751,True,True,0.038974697588026644
343.off,Bearing,1663,3322,3,0.7551188265562456,0.032317095011761846,0.0002273084968561847,0.0003893991352341529,0.05487355835655779,0.004839016768698384,1.0,0.3008488823,0.3003584411,True,True,0.03832423287187503
344.off,Bearing,1998,3991,3,1.3322748822176147,0.0894701637273008,0.0003338198151384652,0.0002476467635531518,0.09861739726134344,0.0012149786766258858,1.0,0.4285182607,0.4230238132,False,False,0.02922479954585161
345.off,Bearing,1999,3992,3,1.325655227754348,0.08568241735868323,0.00033207796286431564,0.00020192416645436334,0.10141295294873452,0.0014515363000662522,1.0,0.43372950379999997,0.4315641025,False,False,0.029882217736485816
346.off,Bearing,2000,3995,3,1.3274194877829748,0.08474895375015584,0.0003322702097078786,0.00020345560574096236,0.0821602345339748,0.0012762922321888836,1.0,0.4364315602,0.4352613442,False,False,0.02950506194278516
347.off,Bearing,1994,3980,3,1.3006214179463182,0.09817370104270991,0.00032678930099153727,0.00015691253699685263,0.06728808566503862,0.0010898049958424692,1.0,0.3759239198,0.3746984942,False,False,0.027581901347420834
348.off,Bearing,2002,3994,3,0.47645139063416386,0.015768672014444474,0.00011929178533654579,2.8942138376714017e-10,0.015083296498589317,0.0030977210707801624,1.0,0.1534305287,0.1532864066,False,False,0.04648022214181882
349.off,Bearing,2002,3987,3,0.4765290957839352,0.015729505195347226,0.00011952071627387389,3.58916062479957e-10,0.015053129044717043,0.002869078822866027,1.0,0.153388946,0.1532667052,False,False,0.04728299243091082
350.off,Bearing,1999,3980,3,0.517407577777875,0.015684376746597565,0.00013000190396429023,2.8181433708566894e-05,0.0123279353023258,0.0009115763949168956,1.0,0.1552838637,0.1545769084,False,False,0.031515049489315876
351.off,Bearing,1984,3951,3,0.7994401558971884,0.03685363252980241,0.0002023386879010854,8.643167504491896e-05,0.06445153446260192,0.0010026707897653015,1.0,0.28403120829999995,0.28339309560000003,False,False,0.022438404587231953
352.off,Bearing,1993,3973,3,0.8057651347128891,0.03674527893056764,0.00020281025288519737,8.102979123028087e-05,0.04829810481069028,0.0006577223595439842,1.0,0.2850233815,0.2843112935,False,False,0.025680338052870812
353.off,Bearing,1512,3020,3,0.4210719393323777,0.011864124983490413,0.00013942779448091976,6.715679283971962e-07,0.027611584439064977,0.003661495124629371,1.0,0.2094466122,0.20944660399999998,True,True,0.03973039105836064
354.off,Bearing,2002,3996,3,0.6190073757734261,0.02389987538443635,0.00015490675069405058,7.929554580510035e-05,0.04314329876161722,0.0005612341562920449,1.0,0.2834945702,0.2828904433,False,False,0.019564188627174045
355.off,Bearing,1995,3982,3,0.42175448397088555,0.011950384107835142,0.00010591523957078994,1.3902340717112642e-05,0.004912821388553039,0.0004193014938449685,1.0,0.1243952919,0.1241245571,False,False,0.018958460893291142
356.off,Bearing,2000,3994,3,0.42181726221709126,0.01195010181372691,0.0001056127346562572,2.2741336353296057e-05,0.00604297228327753,0.00043654049883701967,1.0,0.1254391875,0.1254233156,False,False,0.018922476913770234
357.off,Bearing,1928,3814,3,0.8100993710395993,0.005777491840008542,0.00021240151311997883,6.08963377525423e-07,0.045165690722007594,0.0007581816860024232,1.0,0.1525676826,0.0724139365,False,False,0.023925297270810133
358.off,Bearing,1940,3868,3,1.7529697883143307,0.04934696044083973,0.0004531979804328673,4.449606417064644e-05,0.19799470723019932,0.002434742489708329,1.0,0.7571703161,0.7569770632,False,False,0.03586555989313083
359.off,Bearing,1959,3916,3,1.7507765904362267,0.0519269387273236,0.00044708288826257066,7.136477314373422e-05,0.28659665446847055,0.0024482898714293312,1.0,0.7536342261,0.753591829,False,False,0.03627275065878092
360.off,Bearing,2002,4000,3,0.6570275256769093,0.02572051703374463,0.0001642568814192273,8.568463569783114e-05,0.022756955141016888,0.0006279919137287923,1.0,0.1973515594,0.1969171471,True,True,0.01960771221799799
241.off,Bird,2002,4000,3,0.3540815828907321,0.0067966509631598344,8.852039572268303e-05,6.419703845807509e-05,0.0013986849642705751,0.00023859277941923345,1.0,0.6994611557,0.14463951930000002,True,True,0.015813775022257906
242.off,Bird,2002,4000,3,0.8595696700583169,0.023661730230528786,0.00021489241751457923,0.00011380769560111127,0.0030525571374104823,0.000666463663173069,1.0,0.6923271210999999,0.41069919450000003,True,True,0.025861934934236747
243.off,Bird,2002,4000,3,0.35067400420781375,0.007136368494525183,8.766850105195344e-05,5.229582986320521e-05,0.00334294521983859,0.00031493208924592925,1.0,0.3557360905,0.1418480623,True,True,0.015196989766844422
244.off,Bird,2002,4000,3,0.4514359832817701,0.007796739348835219,0.00011285899582044253,7.76984804919084e-05,0.009264657547689502,0.00046787588696397484,1.0,0.465875401,0.147548095,True,True,0.017571926523847058
245.off,Bird,2001,3998,3,0.7416180669223073,0.01492100467855623,0.00018549726536325843,2.0889286989181347e-05,0.004044116385933883,0.0006012934175948098,1.0,0.6811989904,0.3966781132,True,True,0.023645812521622577
246.off,Bird,2002,4000,3,0.42956648563390754,0.007907094547865257,0.00010739162140847688,5.9227186930939255e-05,0.0027869688704344484,0.00032999028353504007,1.0,0.3002368433,0.2595438587,True,True,0.017003135974578774
247.off,Bird,2002,4000,3,0.6056329900154164,0.012194706306081647,0.0001514082475038541,7.361569252362699e-05,0.004294339192668332,0.0005191795580573992,1.0,0.491507209,0.37755810040000004,True,True,0.02108295975221635
248.off,Bird,2002,4000,3,1.3298780935568073,0.03278745444723018,0.00033246952338920183,0.00011598777642118605,0.004607499448266272,0.0010086227516262938,1.0,0.8569881085,0.8120457234,True,True,0.03262363791234743
249.off,Bird,2002,4000,3,0.3600676490759881,0.005902785327434344,9.001691226899703e-05,3.6956384315201655e-05,0.007141950948041628,0.0003951100175872882,1.0,0.4829542003,0.1931398046,True,True,0.01570075938260105
250.off,Bird,2001,3998,3,0.47166633236615685,0.008029312621187574,0.0001179755708769777,5.111777083712066e-05,0.011039457738837535,0.00047652996632464346,1.0,0.7084133868,0.1000794929,True,True,0.018311145879636538
251.off,Bird,2002,4000,3,0.35067400420781375,0.007136368494525183,8.766850105195344e-05,5.229582986320521e-05,0.00334294521983859,0.00031493208924592925,1.0,0.3557360905,0.1418480623,True,True,0.015196989766844422
252.off,Bird,2002,4000,3,0.7366616458472129,0.016154395850766168,0.00018416541146180324,9.661639539426103e-05,0.005215422675174757,0.0006842309941631663,1.0,0.6294356003,0.4308893552,True,True,0.023308849711812234
253.off,Bird,2002,4000,3,0.6657971873467219,0.013095950442849906,0.00016644929683668047,3.2972305578241546e-05,0.0029158871420675112,0.000500789020128242,1.0,0.8813010378,0.2332577294,True,True,0.02326788524687806
254.off,Bird,2002,4000,3,0.3863954326319626,0.006009603193764274,9.659885815799064e-05,5.679209963467282e-05,0.025230850026465926,0.00044655034549103274,1.0,0.47665369550000003,0.1044301024,True,True,0.015937990418307468
255.off,Bird,2002,4000,3,0.5290829551906555,0.011955722186836909,0.00013227073879766387,9.396675887050616e-05,0.0029817950117682753,0.00045865394589542785,1.0,0.5498325208,0.2706569226,True,True,0.019527482028561773
256.off,Bird,2002,4000,3,0.5732202884377529,0.012708192089326187,0.00014330507210943822,8.84473936780497e-05,0.003232410252649494,0.00046960544928316243,1.0,0.8895801674,0.2206036328,True,True,0.021001346573115313
257.off,Bird,2002,4000,3,0.5276434795003432,0.00472464033399387,0.00013191086987508578,1.1911201777398817e-05,0.0019334104724691415,0.000327523781876672,1.0,0.4960147004,0.13599097370000002,True,True,0.022336629348056476
258.off,Bird,2002,4000,3,1.1802164866862885,0.026073065466302774,0.0002950541216715721,3.9297876199089866e-05,0.0037685676238621295,0.0008362533659683844,1.0,0.7981031753000001,0.521368418,True,True,0.03705616742572127
259.off,Bird,2002,4000,3,0.9522137859163483,0.025972643010887576,0.00023805344647908708,0.00013676895264894633,0.004613341063451588,0.0007084303803679729,1.0,0.9273787170000001,0.36256491879999997,True,True,0.028162328841545434
260.off,Bird,2002,4000,3,1.4068679781608577,0.040695998040305985,0.0003517169945402144,4.167696482887261e-05,0.0047197868916206,0.0009012669272734534,1.0,0.8730585127,0.7652155479,True,True,0.030646390932819494
301.off,Bust,2001,3998,3,1.3719250787392383,0.09004016353334002,0.0003431528461078635,7.964393535029937e-05,0.007583207757306266,0.000915291559583926,1.0,0.5350336055,0.45137304980000004,True,True,0.03249587960427826
302.off,Bust,1993,3979,3,1.8941500594175098,0.12654347801171173,0.0004760367075691153,0.00017390279148260152,0.074525174854917,0.002258862055037607,1.0,0.7849723863,0.5186554265000001,False,False,0.037255093702373954
303.off,Bust,2001,3998,3,1.6817159800305312,0.11673284353587687,0.0004206393146649653,0.00017903565788567229,0.0873028824191639,0.0023399753525219762,1.0,0.7354002249,0.4499594327,True,True,0.034104102456661914
304.off,Bust,2001,3998,3,1.1942093204260629,0.06102747764884179,0.00029870168094698924,0.00012825559415175056,0.011190718938809302,0.0011744374263678696,1.0,0.5339873809,0.3906387778,True,True,0.029761634868629882
305.off,Bust,2001,3998,3,2.120993584735344,0.15306440320840026,0.0005305136530103411,0.00026965928809503925,0.006861029962389912,0.0013181950028804499,1.0,0.8278704617999999,0.6555552012,True,True,0.039661376765484146
306.off,Bust,2001,3998,3,1.663486734261164,0.12902898747231956,0.00041607972342700447,0.00011564791743243883,0.006318616104944217,0.001084679285756182,1.0,0.7675440367999999,0.5388354118,True,True,0.035139327983213
307.off,Bust,2000,3996,3,2.5799262423951745,0.2577747537746101,0.0006456271877865802,0.0001463549169975348,0.006017072885870594,0.001713193424393222,1.0,0.810607655,0.7470015836999999,True,True,0.04370145330736478
308.off,Bust,2002,4000,3,2.733717692887948,0.32309422285354183,0.000683429423221987,0.00032450727471633066,0.010324676311413374,0.0017624194875820105,1.0,0.8319281375,0.7678570284999999,True,True,0.044950731198947456
309.off,Bust,2001,3998,3,2.0254067655882952,0.17196529092287274,0.0005066049938940208,0.00028541611727323033,0.004315972606213194,0.001327128261571129,1.0,0.7103698528,0.6781341536000001,True,True,0.0377621119288267
310.off,Bust,2002,4000,3,2.393670535105854,0.28729243296436036,0.0005984176337764636,0.00034263894628590124,0.00401546099224909,0.0014717215829448062,1.0,0.991679943,0.696185958,True,True,0.0414269533602914
311.off,Bust,2002,3999,3,2.0111850522166597,0.14122695725970996,0.0005029219935525531,9.400869856909038e-05,0.10457584634768703,0.0031459124158585774,1.0,0.6185240354,0.6119925146,False,False,0.038122672612879285
312.off,Bust,2002,3997,3,2.0851098771597685,0.15047357071798245,0.000521668720830565,0.00021590498570387757,0.006382521350633549,0.0015546163263545588,1.0,0.9426031089,0.5307762463000001,False,False,0.039148619278453575
313.off,Bust,2002,4000,3,2.201940740072285,0.16727466105493694,0.0005504851850180711,0.00023386539424789863,0.007263217128169148,0.0013296876625525202,1.0,0.7878876469,0.5619567604,True,True,0.04028483079407591
314.off,Bust,2001,3998,3,1.8696039687504435,0.13132313212702662,0.0004676348095924071,0.00014738510933440978,0.013050363668662801,0.0016619412351497312,1.0,0.926090021,0.5068364967,True,True,0.036395781243316695
315.off,Bust,2001,3998,3,1.8332649196405186,0.1681478472690288,0.0004585455026614604,0.00017481968836484323,0.011890701472651487,0.0016725028348096825,1.0,0.6474479618,0.6227108047000001,True,True,0.03683879847122087
316.off,Bust,2001,3998,3,1.8817037139207224,0.15060914709495443,0.0004706612591097355,0.0002450472800293278,0.005906458885993847,0.0012297453858349432,1.0,0.6467101659000001,0.6200146944,True,True,0.03757817272885394
317.off,Bust,2002,4000,3,1.777488089508033,0.1669709242327997,0.00044437202237700824,0.00010417807976847708,0.004074322269455856,0.0011296849668918025,1.0,0.722811513,0.5939017998,True,True,0.035971483182486434
318.off,Bust,2001,3998,3,1.563706984625167,0.11391096772821935,0.00039112230730994674,0.00015374540739328762,0.015589471474305071,0.0014508543252063936,1.0,0.6036159908,0.5110505053,True,True,0.03318971199369367
319.off,Bust,2001,3998,3,1.6758708207505357,0.1486194221084465,0.0004191772938345512,0.0001561388851192228,0.0030773412487872086,0.0010563052806120414,1.0,0.6392991511999999,0.5105928368,True,True,0.0350783549524983
320.off,Bust,2002,4000,3,2.3647202742115483,0.220520560492852,0.0005911800685528871,0.00023046518026367487,0.009029505766057891,0.0016984739590618152,1.0,0.9483315037,0.6857231466,True,True,0.041768074101561005
101.off,Chair,1999,3998,3,0.6945180263105667,0.009432234277522862,0.0001737163647600217,6.433331966075689e-05,0.08217148135264161,0.0014742938507590702,1.0,0.5448446234,0.42234699330000003,True,True,0.02317827539469602
102.off,Chair,1996,4000,3,1.1325119297919886,0.02040388220462329,0.00028312798244799713,9.210546691369769e-05,0.09598107386505617,0.0022104011489746983,1.0,0.6395459337,0.5326617167000001,True,True,0.030881670404205787
103.off,Chair,2000,4000,3,0.8199138382615965,0.01497555168089093,0.0002049784595653991,0.00010537797559963018,0.10038013120377637,0.0014658708291250353,1.0,0.5959945182999999,0.4825640835,True,True,0.02726678965362429
104.off,Chair,1992,3980,3,0.7935595404292878,0.00879853957823245,0.00019938681920333865,5.103967278774373e-05,0.09782119854970824,0.0014786659921062852,1.0,0.5294762018,0.4371487825,False,False,0.028601246684210276
105.off,Chair,1993,3991,3,0.7946923981812839,0.009341966453588365,0.0001991211220699784,5.105146133981022e-05,0.056834760914985,0.001434119607295481,1.0,0.5301705799,0.4410022381,False,False,0.029875207215321182
106.off,Chair,1999,3995,3,1.2645095738118985,0.020310327336051016,0.0003165230472620522,0.00014444690214304932,0.1909285571244873,0.0038690712796305054,1.0,0.7788079734,0.5715681489,False,False,0.0329259018420455
107.off,Chair,1994,4000,3,1.1072439818636162,0.02072353094898334,0.00027681099546590404,0.0001339535645056383,0.01840478181504778,0.0015487278063105279,1.0,0.5600709959000001,0.4885222036,True,True,0.03356169018239437
108.off,Chair,1996,4000,3,1.0712937905547264,0.02007936615650539,0.0002678234476386816,0.00014669790380812456,0.017356776679137972,0.0013726701438050693,1.0,0.5547695731,0.4905070103,True,True,0.03198863886841101
109.off,Chair,1993,3985,3,0.8393091889414304,0.014310179455368194,0.00021061711140311928,6.016830459265818e-05,0.14502846938032188,0.0024182005949784633,1.0,0.6882368727,0.5376108421,False,False,0.026387639547697243
110.off,Chair,1995,3996,3,0.680340701483985,0.008631128060376483,0.00017025543080179803,4.915667748323151e-05,0.0602865828763156,0.001120042247001597,1.0,0.47793517249999995,0.4032981067,False,False,0.025674417532959976
111.off,Chair,1996,3985,3,0.6374705194920522,0.007936710108827454,0.0001599675080281185,4.909786359401893e-05,0.050868729819727836,0.0011663517301560124,1.0,0.4834380244,0.400474934,False,False,0.02453138081396142
112.off,Chair,1994,3984,3,1.0011944197777325,0.01932646372120846,0.00025130382022533446,8.366295262796384e-05,0.1527756557942033,0.002794298482248343,1.0,0.7200856717999999,0.477748734,False,False,0.029717797672125814
113.off,Chair,1992,3988,3,0.8893768929592563,0.012682385666304141,0.00022301326302890076,7.433948430674562e-05,0.13527816317070315,0.0028029989582156025,1.0,0.5730296075,0.5589180515000001,False,False,0.02747537589920024
114.off,Chair,1998,3980,3,0.43557843643825755,0.0052089031716726535,0.00010944181820056722,3.295580049686522e-05,0.057216645878578824,0.0013486897463732806,1.0,0.6419156358,0.385287333,False,False,0.017622330325147487
115.off,Chair,1995,3988,3,0.908342831202048,0.011985883954354862,0.00022776901484504713,5.943155561163001e-05,0.16220338733582926,0.0025900726869707656,1.0,0.5826302957,0.5584819759,False,False,0.02670280094931176
116.off,Chair,1994,3983,3,1.346444166200375,0.022452748115190053,0.00033804774446406603,4.678515054774821e-05,0.16410409956668087,0.004083438739378975,1.0,0.6518162438999999,0.6046380581,False,False,0.03507212952800152
117.off,Chair,1973,3936,3,1.2167101683754082,0.012851332584888867,0.00030912351838806106,4.661893527476202e-05,0.1839203683299591,0.003199327561655114,1.0,0.6364531874,0.5510777572,False,False,0.034947709767557525
118.off,Chair,1996,3989,3,0.7288429722653826,0.011368763419436817,0.00018271320437838621,6.745582918549701e-05,0.07805489014764541,0.0018449250990942945,1.0,0.5282230422,0.44348587380000004,False,False,0.023918869867165758
119.off,Chair,1988,3974,3,1.0367548273635014,0.015450651347224894,0.00026088445580359877,4.7842324207428475e-05,0.21332448574076504,0.0028494278929089706,1.0,0.7663380551000001,0.7149662775,False,False,0.03224932168072043
120.off,Chair,1987,3970,3,0.9604348992259688,0.01485081872730667,0.0002419231484196395,5.223829760336438e-05,0.11947614371492346,0.0021020399448743923,1.0,0.4775928152,0.43494792790000003,False,False,0.030693928668801204
21.off,Cup,2000,4000,3,3.071926376010655,0.08075979447028378,0.0007679815940026637,0.00010914078293923489,0.12300123234855029,0.0028288161868867713,1.0,0.7388268063000001,0.6917857554,True,True,0.049338106284663286
22.off,Cup,2000,4000,3,3.7098329389932037,0.14114131295498974,0.0009274582347483009,5.5688447901590606e-05,0.1367771774957408,0.003658757684074963,1.0,0.7888023471,0.7526273918999999,True,True,0.05561016665461182
23.off,Cup,2000,4000,3,2.675087228534471,0.08150373216796149,0.0006687718071336177,0.0003135080181661796,0.05469540442250258,0.002121665478693231,1.0,0.8067631329,0.5936110763,True,True,0.0452972771016847
24.off,Cup,2000,4000,3,3.637534364616599,0.17012780846049272,0.0009093835911541498,0.00035825089783837326,0.11953650852333253,0.003618703051949828,1.0,0.8963291727,0.8729737137,True,True,0.05464114201925067
25.off,Cup,2002,4000,3,4.101815235687077,0.07485240987878432,0.0010254538089217694,0.0002632105110326581,0.1451688270006593,0.0037248640783324747,1.0,0.6851314053,0.6746858463000001,True,True,0.05888184808643804
26.off,Cup,2000,4000,3,3.8068448226281535,0.07475794766860047,0.0009517112056570383,0.00023059838013016572,0.15118856362275784,0.004144443056189882,1.0,0.9345107692000001,0.6205266851,True,True,0.05656614126143618
27.off,Cup,2000,4000,3,4.064806321732784,0.10862190700828835,0.001016201580433196,0.00021364498796236118,0.029325406741532722,0.0030941978340806235,1.0,0.9732930979,0.703250222,True,True,0.0596889966154219
28.off,Cup,2000,4000,3,3.079904734436761,0.08091988787093153,0.0007699761836091903,0.00020467144309746559,0.11124363280040553,0.0027484179321344056,1.0,0.7406225689,0.6941749523,True,True,0.04962427418236492
29.off,Cup,2000,4000,3,3.109557605509437,0.0628122080836066,0.0007773894013773593,0.00016574851354727481,0.1596048126340706,0.003413648535579029,1.0,0.923410673,0.5814997740000001,True,True,0.0516264556522048
30.off,Cup,2001,3997,3,2.0404391588751594,0.05225665351341996,0.0005104926592131997,0.00020182592281126603,0.05513089838372319,0.0019685883495484135,1.0,0.7577028344,0.7570463864,False,False,0.04160572723670069
31.off,Cup,1999,3998,3,3.3335183556105723,0.15513016164922414,0.0008337964871462162,0.00038402200568958864,0.007182202993855152,0.0022502582484238112,1.0,0.9525004321,0.7192871848,True,True,0.05315098488959311
32.off,Cup,2000,4000,3,4.08212352595023,0.08832262003903098,0.0010205308814875576,0.00019737533365286506,0.15095419136870805,0.003600196105587114,1.0,0.9700964039,0.6917252441,True,True,0.06159108520368953
33.off,Cup,2000,4000,3,3.5529098764709075,0.12965912821476439,0.0008882274691177269,0.00038445080676936935,0.07474316661337409,0.0030763418985373403,1.0,0.7855483208,0.7469534322,True,True,0.05218513149106718
34.off,Cup,1999,3998,3,4.467332197146989,0.21842441029188922,0.001117391745159327,0.00035005852556433385,0.19024463210305248,0.005733113128479976,1.0,0.9859292973,0.7925160606,True,True,0.057501817427449954
35.off,Cup,2002,4000,3,2.6862007149254405,0.09879801197746768,0.0006715501787313601,0.000183751598541807,0.13749554549337664,0.0030955072594128657,1.0,0.6505845473,0.6308034751,True,True,0.04739581165731908
36.off,Cup,2000,4000,3,4.190288811554076,0.08529465527961812,0.001047572202888519,0.0004270107547108481,0.008163257960717263,0.003147259287264691,1.0,0.9943699597,0.7136650142000001,True,True,0.06041367634377272
37.off,Cup,2000,4000,3,3.672176010404561,0.11479713819240425,0.0009180440026011402,0.00042905227255180184,0.02540084265568581,0.0033973490858192844,1.0,0.9258755543999999,0.7324125522,True,True,0.05509308568629558
38.off,Cup,1998,3996,3,3.6143237608567,0.10633683018751788,0.0009044854256398149,0.00027861120365103,0.14036992434591394,0.005404088443503161,1.0,0.8326230223,0.7015884537,True,True,0.06248760214572588
39.off,Cup,2000,4000,3,3.949552389616555,0.05554597974309359,0.0009873880974041389,0.00018845426264247034,0.137332691466901,0.006352899582350788,1.0,0.7356581036000001,0.7194886769,True,True,0.06843739117391844
40.off,Cup,2002,4000,3,3.3216864826197448,0.06292507651897297,0.0008304216206549362,0.0001050197847459015,0.08593051765482765,0.0029392049196155603,1.0,0.5754095607,0.5748644857,True,True,0.05265229676529151
221.off,Fish,2001,3998,3,0.7717219819959498,0.034215643397624534,0.0001930270090034892,0.00010367950704837159,0.002175535072942992,0.0004894601309429472,1.0,0.5613985887999999,0.3335615271,True,True,0.0250259314889501
222.off,Fish,2002,4000,3,0.5726155647274472,0.02239038732833139,0.00014315389118186182,5.3301812628608715e-05,0.001665667738027976,0.00036520743258219293,1.0,0.3759228628,0.2901614399,True,True,0.021082400759378957
223.off,Fish,2002,4000,3,0.6873630166504505,0.023638993997099518,0.00017184075416261263,9.173639946518516e-05,0.0014183921708421981,0.0005036034827582387,1.0,0.4775278273,0.43806194909999996,True,True,0.022981348469307827
224.off,Fish,2002,4000,3,0.5262196515318065,0.01778520687017464,0.0001315549128829516,8.685414907449119e-05,0.004766693728832582,0.00038678176172303984,1.0,0.3404978882,0.2802542694,True,True,0.019878221403292814
225.off,Fish,2002,4000,3,0.632713533388146,0.02131160085632729,0.0001581783833470365,6.217968583007092e-05,0.003640602850506088,0.0004486374699609062,1.0,0.5075348305,0.3401183392,True,True,0.021806982862920602
226.off,Fish,2002,4000,3,0.5544760136785598,0.02124543448721139,0.00013861900341963996,7.338557911577982e-05,0.0015693365183174046,0.0003535754310163658,1.0,0.3298927308,0.2852207781,True,True,0.020584992391897695
227.off,Fish,2002,4000,3,0.5544760136785598,0.02124543448721139,0.00013861900341963996,7.338557911577982e-05,0.0015693365183174046,0.0003535754310163658,1.0,0.3298927308,0.2852207781,True,True,0.020584992391897695
228.off,Fish,2002,4000,3,0.6133401368374641,0.02398544727123665,0.00015333503420936602,9.061448999104555e-05,0.004726771377073052,0.0004562669012926984,1.0,0.4461364075,0.2934884738,True,True,0.02182592474705983
229.off,Fish,2002,4000,3,0.5779248039196656,0.022766019934132006,0.0001444812009799164,8.513917910768897e-05,0.0028548318857843603,0.00037975967978447656,1.0,0.3655635834,0.29766985160000003,True,True,0.020958536428753262
230.off,Fish,2002,4000,3,0.8190296584758333,0.03719717971409889,0.00020475741461895833,8.245362612678604e-05,0.002415842780143928,0.0005423651992734769,1.0,0.563098959,0.3491299806,True,True,0.025561085024086643
231.off,Fish,2002,4000,3,0.6484944236330245,0.02474654627347439,0.00016212360590825612,7.776203391128415e-05,0.0051181743951487415,0.0005222573668670742,1.0,0.4169800792,0.3779229729,True,True,0.021954284144932713
232.off,Fish,2002,4000,3,0.5632765595503008,0.019692004869274533,0.0001408191398875752,4.758516336422289e-05,0.007490988882676571,0.00042145834674175775,1.0,0.3128313445,0.2818143145,True,True,0.020529741029053753
233.off,Fish,2002,4000,3,1.0533649054687366,0.0497498761489677,0.00026334122636718416,8.79493820334168e-05,0.005053124031946337,0.0008602477573597303,1.0,0.6174813295,0.5721538021,True,True,0.02868214030115074
234.off,Fish,2002,4000,3,0.7931388825343417,0.031235974663452133,0.00019828472063358543,7.411114137898864e-05,0.0023227467466348105,0.0005866054820420389,1.0,0.5035880622,0.46275804190000003,True,True,0.024967128057393154
235.off,Fish,2002,4000,3,0.5481350945186106,0.01888591858152063,0.00013703377362965266,7.775149774412259e-05,0.008637317835010035,0.00044385405521121384,1.0,0.37004884520000003,0.3129666579,True,True,0.02040030631290592
236.off,Fish,2002,4000,3,0.5006066239574145,0.015177014343049808,0.00012515165598935363,9.125116600656442e-05,0.001242516969778327,0.0003501514198292791,1.0,0.3432050994,0.2963817708,True,True,0.019300225652755437
237.off,Fish,2002,4000,3,0.4488776335176159,0.013298291471772722,0.00011221940837940397,4.54639492775824e-05,0.002242827761230453,0.00028843193519829,1.0,0.2614826238,0.2563402278,True,True,0.018172136019162188
238.off,Fish,2002,4000,3,0.5112501329825022,0.016417627752271624,0.00012781253324562554,6.645416852962526e-05,0.005180325453414834,0.00038332863658461526,1.0,0.3282974071,0.2797948531,True,True,0.019553899800323838
239.off,Fish,2001,3998,3,0.535295858036136,0.018914711169219146,0.000133890909964016,6.487683991997001e-05,0.008447032939650424,0.00041447908515206263,1.0,0.35829023829999995,0.2152992322,True,True,0.019819352553072576
240.off,Fish,2002,4000,3,0.7083323898580413,0.027486790048533702,0.0001770830974645103,9.926217764120867e-05,0.015390283135342008,0.0005832964592154817,1.0,0.4289813628,0.38710299989999997,True,True,0.022922987952342985
381.off,FourLeg,2002,4000,3,1.0224760523008474,0.05173744880657455,0.0002556190130752118,0.00015458987226869895,0.0022355673836082866,0.0007032478431182377,1.0,0.6751074002999999,0.3399994039,True,True,0.027131685589992814
382.off,FourLeg,2002,4000,3,0.7410634410641179,0.025041178496206563,0.00018526586026602947,8.972235643883792e-05,0.0014938725492030815,0.00047416002044279806,1.0,0.658605244,0.3074491396,True,True,0.02364543521342498
383.off,FourLeg,2002,4000,3,1.132536221574797,0.052741324673869806,0.0002831340553936992,4.2658385821227774e-05,0.004473313395643009,0.0007967263938572362,1.0,0.5451729843,0.3254859041,True,True,0.02883549813960658
384.off,FourLeg,2002,4000,3,0.7557115585921268,0.024793926250628835,0.0001889278896480317,0.00013339736100096642,0.001687830981401644,0.0005293570329955369,1.0,0.5434408533,0.2297671249,True,True,0.023263088763474216
385.off,FourLeg,2002,3999,3,0.928713604008572,0.033803040223751024,0.00023223646011717229,9.405106113813608e-05,0.0022494320942863257,0.000585713084847035,1.0,0.6994915778999999,0.2781010963,False,False,0.026461029058144358
386.off,FourLeg,2002,4000,3,1.1649153982109066,0.04975636827115766,0.00029122884955272665,7.108667393501647e-05,0.0034817798330552697,0.0007058128685356634,1.0,0.9818651574999999,0.4971912255,True,True,0.027072936507804683
387.off,FourLeg,2002,3999,3,0.7232738718544349,0.02293932103081277,0.00018086368388457987,7.366944932181766e-05,0.0017424056707694012,0.00043893942171609554,1.0,0.6860011742000001,0.21380600859999999,False,False,0.02338770972262346
388.off,FourLeg,2002,4000,3,1.1422348607993302,0.05056043346003965,0.00028555871519983256,0.0001656598248988097,0.0029734360948427854,0.0008414793959833466,1.0,0.6250546363,0.3638766744,True,True,0.029288297916016767
389.off,FourLeg,2000,3996,3,0.8093880359696554,0.023016576212633148,0.0002025495585509648,0.00013317960580908116,0.001467028717385484,0.0005238016416126374,1.0,0.6849875861,0.2971532216,True,True,0.024841885056924785
390.off,FourLeg,2002,4000,3,0.47860488632952447,0.00883248735862781,0.00011965122158238112,6.428409388018528e-05,0.0014666592257489776,0.0003215957936355067,1.0,0.4955266446,0.2719952848,True,True,0.019437131406384915
391.off,FourLeg,2001,3998,3,0.9927014845799416,0.0407638652793538,0.0002482995209054381,0.00012062445091283423,0.002083508787724283,0.0006410501946020827,1.0,0.6323076825,0.29024530940000004,True,True,0.027097535686984316
392.off,FourLeg,2002,4000,3,0.9611121651108615,0.043184091613414924,0.00024027804127771537,9.607612644964613e-05,0.002706528949113465,0.0006964569802892456,1.0,0.5546100614,0.3420581236,True,True,0.026353103384904385
393.off,FourLeg,2002,4000,3,0.7240641203110216,0.020722554746824003,0.0001810160300777554,6.410384462998178e-05,0.0018054110507240916,0.00048085107764017193,1.0,0.6822697645,0.2331758666,True,True,0.025988142293484447
394.off,FourLeg,2002,4000,3,1.0491860651919231,0.03768548058782424,0.0002622965162979808,0.00011043083355247247,0.0025131417374604312,0.0006856704164243156,1.0,0.8989823982,0.2991076872,True,True,0.028451776452260314
395.off,FourLeg,2001,3998,3,0.8176381158320982,0.02630359095249098,0.0002045117848504498,1.922066108435344e-05,0.00255067683599424,0.0005057486644567545,1.0,0.6591661654000001,0.2650174158,True,True,0.024623457680279234
396.off,FourLeg,2002,4000,3,0.8638070442912602,0.028746492403178642,0.00021595176107281505,0.00011662375249719902,0.003910681767815723,0.000717638683815387,1.0,0.6891504223,0.22626533040000002,True,True,0.024495909147117426
397.off,FourLeg,2002,4000,3,0.9141520969828267,0.03273409997087537,0.00022853802424570668,0.00014536294195001138,0.0022398939930769815,0.0005823284318864646,1.0,0.7464918107,0.2666928015,True,True,0.025819658215308162
398.off,FourLeg,1480,2956,3,0.7474517980084047,0.024004090878853804,0.0002528592009500692,2.079162025752532e-06,0.0026917748142184722,0.000538308660638458,1.0,0.6041134103,0.2312106581,True,True,0.024096959210400587
399.off,FourLeg,2002,4000,3,0.7430390747574814,0.023726957557603484,0.00018575976868937037,0.00011080960829351112,0.0014811784756026839,0.0004151805444985284,1.0,0.7993659354,0.2838630862,True,True,0.022637540241890634
400.off,FourLeg,2002,4000,3,0.7256287895075993,0.02133883146016883,0.00018140719737689984,0.00012176489712140777,0.0028140109129637853,0.0006006427116649365,1.0,0.6430308211,0.29350023670000003,True,True,0.02192386484524665
41.off,Glasses,2002,4000,3,0.6652130017148175,0.007815879027326533,0.00016630325042870435,8.59878793212242e-05,0.006298002055567383,0.0005137960100887452,1.0,0.9431630184,0.305744678,True,True,0.023879015166246822
42.off,Glasses,2002,4000,3,0.32940925978940516,0.0034898389578854492,8.23523149473513e-05,3.621019164123772e-05,0.012734075140314284,0.00054107429860655,1.0,0.7457439767,0.2347816131,True,True,0.015517955535159696
43.off,Glasses,2002,4000,3,0.2626603785498929,0.0023442329636729235,6.566509463747322e-05,4.4702088321162876e-05,0.0006604215780901747,0.0001845642997254195,1.0,0.722009522,0.1824188148,True,True,0.013950898588835548
44.off,Glasses,2002,4000,3,0.6013254986115779,0.006450575717890321,0.00015033137465289448,8.835588087231791e-05,0.002725439879077565,0.0005103154640381882,1.0,0.8686404371,0.2771123837,True,True,0.022286086536193617
45.off,Glasses,2002,3997,3,0.4964326483558845,0.006590233445940369,0.00012420131307377646,6.184384699776656e-05,0.004728885284307465,0.00047047781794272203,1.0,0.8809900432,0.2621703444,False,False,0.01966326130499699
46.off,Glasses,2000,3981,3,0.18946823003292015,0.0019087977507254127,4.759312485127359e-05,4.4155916635211656e-05,0.011254741673863354,0.0002866440430913886,1.0,0.2402848683,0.1532872458,False,False,0.011265936790731011
47.off,Glasses,2002,4000,3,0.1602529140102908,0.0015594219695178211,4.00632285025727e-05,4.543081051257996e-05,0.0191794199880787,0.00018603332748863717,1.0,0.1424562397,0.0618937452,True,True,0.009872124077268979
48.off,Glasses,2002,4000,3,0.42001124829098324,0.004336026905204368,0.00010500281207274581,4.7177400640467415e-05,0.014547305669717106,0.0004899218685021745,1.0,0.7401556229,0.2412427124,True,True,0.01887983997592763
49.off,Glasses,2000,4000,3,0.26927941775780695,0.0027119240446971866,6.731985443945174e-05,4.3067632790276503e-05,0.010864128889677293,0.00031874391371411324,1.0,0.4285098889,0.1836703706,True,True,0.013771269455372001
50.off,Glasses,2002,4000,3,0.7074421334465684,0.009348189506237359,0.00017686053336164208,0.00013371832006103595,0.012053879116211941,0.0006614021245041662,1.0,0.9454736726999999,0.3040207748,True,True,0.024946480775322764
51.off,Glasses,2001,3998,3,0.25673407459061015,0.0027083277437042514,6.421562646088297e-05,4.226620912669681e-05,0.006340790431451856,0.00024736406560484526,1.0,0.5298882293,0.17903233270000002,True,True,0.012993997770768395
52.off,Glasses,1554,3104,3,0.12818842744435913,0.0011721630940644877,4.129781811996106e-05,3.9219100798080174e-05,0.0030743587373310735,0.00015459218323394587,1.0,0.2351035266,0.1302751694,True,True,0.010144758278409544
53.off,Glasses,2002,4000,3,0.1981833907008824,0.0018882113788298062,4.95458476752206e-05,4.920452821588449e-05,0.00822049723769042,0.0002080971570547939,1.0,0.3127518256,0.1633637987,True,True,0.011225284834010786
54.off,Glasses,2002,4000,3,0.6779712367434245,0.008827130969198287,0.00016949280918585613,8.384412746606414e-05,0.006515825345595964,0.0005600733241536445,1.0,0.9410078974,0.29934268929999996,True,True,0.024972796846881962
55.off,Glasses,2002,4000,3,0.2564861028046755,0.0027353025152353255,6.412152570116887e-05,5.34041384220762e-05,0.004943827005863965,0.00021626256561838681,1.0,0.5434347143,0.18085671180000001,True,True,0.013131613463069992
56.off,Glasses,2000,3996,3,0.8553557886813742,0.010162442209736083,0.00021405300017051407,8.738445556796407e-05,0.06832158691462119,0.001621243872075087,1.0,0.9860678528,0.31097695820000004,True,True,0.026407607915261807
57.off,Glasses,2002,4000,3,0.6846606999742999,0.008967465178084813,0.00017116517499357497,9.375330005726298e-05,0.010700829051244079,0.0006257345985902308,1.0,0.9445150875,0.3011075178,True,True,0.02492210221620221
58.off,Glasses,1857,3710,3,0.14467030770222905,0.0012498964986777837,3.89946921030267e-05,4.5664556600071163e-05,0.0071562606262895595,0.00019136611134614338,1.0,0.1533401767,0.1031404025,True,True,0.009948399353093648
59.off,Glasses,2002,4000,3,0.25576869451839307,0.002983083130852126,6.394217362959827e-05,4.657598420880429e-05,0.005542932317334336,0.0002321765776264361,1.0,0.38446417239999997,0.1562312387,True,True,0.013416898631567203
60.off,Glasses,2002,3999,3,0.18850668309520602,0.0019787235697878115,4.7138455387648416e-05,4.030195283486542e-05,0.0045448335360553475,0.00018201993621166343,1.0,0.2781106682,0.133978635,False,False,0.01123020782397227
181.off,Hand,2002,4000,3,0.7709284780847638,0.023352110457831518,0.00019273211952119097,7.629960770752793e-05,0.0021612651767106894,0.000437761702115465,1.0,0.5204250239,0.2329848838,True,True,0.025277877101676456
182.off,Hand,2002,4000,3,1.071454356207767,0.04231672222046501,0.00026786358905194174,0.00011724086074539157,0.0025923710637280116,0.0007079503361427079,1.0,0.5579865222,0.3570273858,True,True,0.030381087651413712
183.off,Hand,2002,4000,3,1.47310510873871,0.06646501518700507,0.00036827627718467746,0.0001977076825492808,0.005725237478172254,0.0009620860262615845,1.0,0.8619957246,0.3231370368,True,True,0.03606530343256544
184.off,Hand,2002,4000,3,1.0558643020751397,0.03676712787494177,0.00026396607551878494,0.0001184952474259135,0.0034309033231158794,0.0007070777063684397,1.0,0.5373397837,0.3336567589,True,True,0.029425145964717396
185.off,Hand,2002,4000,3,0.9024404044115938,0.030322926210570898,0.00022561010110289844,8.551963931949946e-05,0.004400027623313839,0.0007244077079151699,1.0,0.613034037,0.2136151703,True,True,0.026512520970235622
186.off,Hand,2002,4000,3,0.936565171942749,0.03542499996242947,0.00023414129298568725,9.770869435355398e-05,0.00870135031964592,0.0007007893840078682,1.0,0.5949274839,0.2800122695,True,True,0.02901112483794915
187.off,Hand,2000,4000,3,0.8055123765214638,0.025878596817896116,0.00020137809413036596,0.00010964863105282996,0.0030394273756505115,0.0005126862887557546,1.0,0.520216935,0.2387627429,True,True,0.02587796774532157
188.off,Hand,2002,3999,3,1.028789277054741,0.029212262714112747,0.00025726163467235336,0.0001111036732431441,0.007697140783405136,0.0010509134691062516,1.0,0.6857933552,0.5714911729,False,False,0.030740913563612006
189.off,Hand,2001,3998,3,1.7836689575949833,0.06432768152299756,0.0004461403095535226,0.00024194463180698213,0.01413789320105699,0.0013401840682082389,1.0,0.8791608816,0.725315182,True,True,0.04061524104743815
190.off,Hand,2002,4000,3,0.8961135874028159,0.022368413714820096,0.00022402839685070397,8.29141563057239e-05,0.03474086789202517,0.0011429286821889708,1.0,0.6995159376,0.3147318637,True,True,0.02724106847262603
191.off,Hand,2002,4000,3,1.362382500771759,0.05988809947815069,0.00034059562519293975,0.00017535813936118863,0.004080371990948251,0.0008721257109643429,1.0,0.6218066369,0.5510707947,True,True,0.03413416856161626
192.off,Hand,2002,4000,3,0.8851127855239798,0.0219471388560356,0.00022127819638099495,0.00011741505365752913,0.007055846785248565,0.00069384950039954,1.0,0.6948593619000001,0.1257878002,True,True,0.026978165142417146
193.off,Hand,2002,4000,3,0.9115310683108718,0.023610987129408945,0.00022788276707771797,0.00012139165289549612,0.013359373517230955,0.000818286335851238,1.0,0.4612865264,0.3987439055,True,True,0.02757752356905246
194.off,Hand,2002,4000,3,0.9116389054742229,0.022944096014931407,0.00022790972636855573,0.00014733530701280422,0.0104431255340544,0.000838504666134069,1.0,0.4750507195,0.3654532337,True,True,0.028846792743781557
195.off,Hand,2002,4000,3,0.9252042117443962,0.024338608158443374,0.00023130105293609903,0.00013119932694644054,0.007143276159111457,0.0008566979562270202,1.0,0.4184815389,0.32527453159999997,True,True,0.028464820007417607
196.off,Hand,2002,4000,3,0.9305249590699104,0.02405827347870035,0.0002326312397674776,0.00012940821747212485,0.011717411922535382,0.0008963260917625185,1.0,0.7096336249,0.3703921135,True,True,0.02781713981361196
197.off,Hand,2002,4000,3,0.9051796995886928,0.022901227073504466,0.0002262949248971732,0.00010330757777137324,0.007841103549261819,0.0009235509678796202,1.0,0.4694365332,0.43408358269999997,True,True,0.027561709626329617
198.off,Hand,2002,4000,3,0.637525912312363,0.01917202715836097,0.00015938147807809076,8.206568819033621e-05,0.019584947378591986,0.0005592315868116536,1.0,0.3423896271,0.2626812953,True,True,0.02293774967679989
199.off,Hand,2002,3999,3,1.0327434157222335,0.04269702437181627,0.00025825041653469206,0.00014729536791745936,0.016733194700668183,0.0008164030714048272,1.0,0.4309641275,0.31424881540000005,False,False,0.02860674317932263
200.off,Hand,1515,3026,3,0.848429679755726,0.028637134616349858,0.0002803799338254217,0.00015499400991331644,0.004819442623532284,0.0007002434887161278,1.0,0.7516935036000001,0.2215296387,True,True,0.026958333460685397
1.off,Human,2001,3998,3,0.5473940071129905,0.01005382451972224,0.0001369169602583768,5.593540918518781e-05,0.0009044715023837722,0.0003347121064173811,1.0,0.40434606819999996,0.16138063619999998,True,True,0.022078486262005054
10.off,Human,2002,4000,3,0.5417469263295094,0.010681980917450467,0.00013543673158237734,2.7322023182170898e-05,0.001434706562055802,0.00033044750852833006,1.0,0.5522807696,0.1863534194,True,True,0.021872524021980335
11.off,Human,2002,4000,3,0.6990182463638099,0.017386075359964732,0.00017475456159095248,5.224664890844494e-05,0.004996907538751338,0.0005682715560444189,1.0,0.9598179119,0.2063026439,True,True,0.023187633985163245
12.off,Human,2002,4000,3,0.6635876268342237,0.017243345248907655,0.00016589690670855593,0.00010468167743795745,0.0046008366805574364,0.0004840111520987507,1.0,0.9269285626,0.2039324106,True,True,0.021880539516372418
13.off,Human,2000,3996,3,0.720902441469798,0.02260049501210106,0.00018040601638383332,8.519861339538928e-05,0.001701631044118095,0.00045348579551512643,1.0,0.5182095413,0.23451738449999998,True,True,0.023589000807430933
14.off,Human,2001,3998,3,0.6487876023915177,0.014399861222415712,0.00016227803961768827,4.259113354473696e-05,0.0012655991942883856,0.000418696875762184,1.0,0.78691209,0.7656770624,True,True,0.02429738895596394
15.off,Human,2002,4000,3,0.751879116235304,0.017712980933449998,0.000187969779058826,4.662832460915423e-05,0.001929736397228682,0.0004744436041793385,1.0,0.38361876429999997,0.3823989245,True,True,0.026221350835570652
16.off,Human,1997,3998,3,0.657539040815303,0.01609926591196797,0.0001644669937006761,9.695975709004143e-05,0.001605881423063311,0.00043597036927208084,1.0,0.3376056429,0.2867771902,True,True,0.023090840750940093
17.off,Human,2000,3996,3,0.66866802280087,0.015123300385635925,0.00016733434004025777,7.114136006632898e-05,0.0013871977829093402,0.00041028761490521427,1.0,0.5651266065,0.33934828770000003,True,True,0.023280083111167707
18.off,Human,2002,4000,3,0.8953414194023115,0.033717375693908744,0.00022383535485057788,5.4039152065226766e-05,0.004286288831975708,0.0006019002748966601,1.0,0.4140726093,0.3999403469,True,True,0.026329004574565006
19.off,Human,2001,3991,3,0.5639131382968607,0.011922471313522726,0.00014129620102652486,5.289671168914435e-05,0.0008097759766245977,0.0003103429489282135,1.0,0.552358602,0.1915614527,False,False,0.02100576810895619
2.off,Human,2002,4000,3,0.6206210359108097,0.01529492826944744,0.00015515525897770243,8.98100662162676e-05,0.00116920790480214,0.00032025904237131846,1.0,0.5544853229,0.1889818005,True,True,0.022241103570302304
20.off,Human,2002,3998,3,0.5726081845123787,0.011561598977246805,0.0001432236579570732,5.230769421926743e-05,0.0012545730894640591,0.00035268368697359315,1.0,0.5730113773000001,0.18263075290000003,False,False,0.020997365407613554
3.off,Human,2002,4000,3,0.602184630561376,0.013254878451824085,0.00015054615764034402,7.58004987192014e-05,0.0014163187847360328,0.00035703583895078857,1.0,0.4522267935,0.31279570300000004,True,True,0.023701912492126952
4.off,Human,2002,4000,3,0.6132159290302474,0.013565354863914992,0.00015330398225756183,9.407367423507426e-05,0.0011047394672189423,0.0004168442559546384,1.0,0.5742453125,0.2877989306,True,True,0.023480941340118012
5.off,Human,1999,3994,3,0.6926760034354363,0.019153782189664143,0.00017342914457572266,6.207770262783747e-05,0.0012004934345337976,0.0004351680456103559,1.0,0.606950651,0.20720855700000002,True,True,0.02315313998745449
6.off,Human,2000,3996,3,0.6562915163814482,0.014947331623950117,0.00016423711621157364,6.176178063436102e-05,0.0017790673988147244,0.0004711302877492519,1.0,0.285571446,0.2212317438,True,True,0.02367813321098899
7.off,Human,2002,4000,3,0.6042478129615664,0.014048742771559038,0.0001510619532403916,8.023253515452455e-05,0.0012010590745675643,0.00037866836667546844,1.0,0.30777070419999997,0.1961517751,True,True,0.021800048802767157
8.off,Human,2001,3997,3,0.4875709171138033,0.00878890065862942,0.00012198421744153197,7.405515546823477e-05,0.0009484343767114275,0.00028727024924574156,1.0,0.5117389814,0.2152299383,False,False,0.02041099477986208
9.off,Human,2002,4000,3,0.4752590270707145,0.0087618989686396,0.00011881475676767862,0.00012247358508441235,0.001192201125116794,0.00027699221091776323,1.0,0.49682519950000004,0.21467836569999998,True,True,0.017650637465680453
321.off,Mech,1996,3843,3,2.8685796847695872,0.2072862384224226,0.000746442801137025,1.0931141990630616e-05,0.39637363296235495,0.03544319454769128,1.0,0.964676861,0.9002795318000001,False,False,0.04576772876975598
322.off,Mech,1991,3821,3,4.380472150912747,0.3073499237836973,0.0011464203483152963,1.4253979254951769e-05,0.6319388094318771,0.02214333695048824,1.0,0.9898296735,0.9060763533,False,False,0.04260463373668835
323.off,Mech,1954,3729,3,3.652179443410918,0.29763509652091213,0.0009793991535025255,1.995573767457487e-06,0.42432368208955973,0.012294355699085279,1.0,0.8602836124,0.7604609756,False,False,0.04045203597234022
324.off,Mech,1963,3904,3,3.0031584957489876,0.24060541110029524,0.0007692516638701301,3.876582101870433e-05,0.2576705027740404,0.003321888824301337,1.0,0.9846439375,0.7665643915,False,False,0.047160724276911634
325.off,Mech,1974,3925,3,3.109051387232485,0.29648276478767494,0.0007921150031165567,8.463261235848115e-05,0.41310192731219386,0.06065933060757283,1.0,0.8220264115,0.7890141446000001,False,False,0.04456346566857426
326.off,Mech,1961,3885,3,3.7793531047538087,0.3578316633472922,0.0009728064619700923,0.00011618393224271116,0.1457549922944605,0.0175599123066007,1.0,0.9967886575,0.6758392122,False,False,0.048878956559629205
327.off,Mech,1988,3964,3,3.218681651647264,0.3272740932716797,0.0008119782168635883,1.4210145921682646e-05,0.6867918136917585,0.022207679042305452,1.0,0.9896878217,0.6414627165,False,False,0.04854664260890503
328.off,Mech,1982,3774,3,3.803180517105144,0.2632129547722094,0.0010077319865143465,0.00013291383882775492,0.506274404592996,0.02928338971747061,1.0,0.9864700859,0.9833985614,False,False,0.04476439502491111
329.off,Mech,1986,3778,3,4.474290618007321,0.24765318442579312,0.0011843013811559874,0.00010369860555654101,0.41610845222862736,0.02327736597904858,1.0,0.85445778,0.6955748676,False,False,0.04641019578034364
330.off,Mech,1980,3763,3,3.5979746972573863,0.3018358365480226,0.0009561452822900309,9.748052094970771e-05,0.43964937095527296,0.04364886991965528,1.0,0.9661845324,0.9316360162999999,False,False,0.049528173482023166
331.off,Mech,1948,3767,3,3.369030032154172,0.254270590258079,0.0008943536055625623,0.00017278871116919824,0.4005201370493461,0.03941231526157524,1.0,0.8022526711,0.7675097841,False,False,0.04467841271553312
332.off,Mech,1963,3902,3,3.1587096312894056,0.28578634542777726,0.0008095104129393659,7.603592690521777e-05,0.41324325443292975,0.007737414700716692,1.0,0.919425477,0.9100476649,False,False,0.034067275736300945
333.off,Mech,1944,3839,3,3.0091406415555566,0.22892788497918398,0.0007838344989725336,1.9772810663868522e-05,0.4207449996760583,0.01012179608641285,1.0,0.9347058270999999,0.8682205973999999,False,False,0.0342785103335616
334.off,Mech,1939,3850,3,2.593216960813049,0.217333372307454,0.0006735628469644283,0.0003997847331489236,0.4356591101080721,0.02515923516394536,1.0,0.9874088859000001,0.5399400275999999,False,False,0.03512511659959654
335.off,Mech,1983,3791,3,3.8941331804007713,0.33280984947753833,0.0010272047429176394,1.4224432724428113e-05,0.4375027156827796,0.03288988406144135,1.0,0.7869383703999999,0.7418595771000001,False,False,0.04641313690433129
336.off,Mech,2002,3999,3,1.9120960079045481,0.17199429969994656,0.0004781435378606022,7.03139040350552e-05,0.23127148092993216,0.006655145132340531,1.0,0.7877141413,0.778025259,False,False,0.029024294604241378
337.off,Mech,2002,4000,3,2.862586085219854,0.3400582454112199,0.0007156465213049635,0.0001924558354097216,0.1974079529791352,0.004355685055199396,1.0,0.9859512002999999,0.6090492469,True,True,0.04545276735193872
338.off,Mech,2002,4000,3,2.7258340345376597,0.2797186632560509,0.0006814585086344149,0.00010012395184031913,0.4533751425563543,0.009565549854350203,1.0,0.9914310645,0.8577172271,True,True,0.03722296598689757
339.off,Mech,1970,3744,3,3.6912163025071516,0.27146281941003403,0.0009859017901995598,9.813412502038081e-05,0.2897776050910317,0.026489107841258828,1.0,0.8480328618999999,0.8201336608,False,False,0.049250976010118325
340.off,Mech,1947,3850,3,3.09225213180003,0.2518469067377008,0.0008031823718961116,0.0003525804867349941,0.30147728930620754,0.02769149568297592,1.0,0.9907463201,0.5801646517000001,False,False,0.04089913759194528
121.off,Octopus,2000,4000,3,0.5950395312900411,0.013145815329129378,0.00014875988282251026,0.00011750009757177074,0.004078786317164016,0.0004212955046109307,1.0,0.6719148125000001,0.2980536542,True,True,0.022865713195037066
122.off,Octopus,2002,4000,3,0.7202158003902158,0.01566724800281112,0.00018005395009755397,9.788097782422997e-05,0.00209012410556184,0.0004629256558345926,1.0,0.8347801688,0.36055250699999997,True,True,0.025704881012930447
123.off,Octopus,2002,4000,3,1.4333118967286205,0.05884327107864176,0.0003583279741821551,0.00012767206561578264,0.008739486325570563,0.001107853293944617,1.0,0.9297959271,0.8176995671,True,True,0.036273782006409315
124.off,Octopus,2002,4000,3,0.23668556121066045,0.002952402819541336,5.917139030266511e-05,3.261714555077983e-05,0.0005848630776173023,0.0001561792117305436,1.0,0.7386767192,0.46504043119999994,True,True,0.013954658004247378
125.off,Octopus,1343,2682,3,0.845613399265954,0.028006435225226056,0.0003152920951774624,5.013479859032147e-05,0.005508160487429211,0.0007706408029248916,1.0,0.9589145657,0.7164285621,True,True,0.03207791164128482
126.off,Octopus,2002,4000,3,0.5479759931843495,0.007973795497642763,0.0001369939982960874,7.902292089664345e-05,0.0010835276575325977,0.0003180129728855911,1.0,0.9281314369,0.4660744294,True,True,0.022743845605980036
127.off,Octopus,2002,4000,3,1.150545725420189,0.03393900677171916,0.00028763643135504724,0.0001682836267126558,0.0022797754497655507,0.000664835423940718,1.0,0.9842713790000001,0.5138670339,True,True,0.031565563596464105
128.off,Octopus,2002,4000,3,0.5212832805362807,0.00914395951989651,0.00013032082013407018,8.611331071481013e-05,0.002124451779851589,0.0003478999652018925,1.0,0.7380072008,0.2913303684,True,True,0.021428245035789103
129.off,Octopus,2001,3998,3,0.718304469967054,0.022336446680959788,0.00017966595046699699,4.776498504830285e-05,0.005842651150008983,0.0005586825282085968,1.0,0.8701253811,0.42176136389999996,True,True,0.024911545222576416
130.off,Octopus,2002,4000,3,0.6966713663895141,0.020330486831216556,0.0001741678415973785,8.774125498550512e-05,0.002541713272111127,0.0004970406988641621,1.0,0.9356682743,0.4434641535,True,True,0.02429966231240796
131.off,Octopus,2002,4000,3,1.2476153697385117,0.042227625433812505,0.00031190384243462796,0.00013701734902185592,0.015084971633949448,0.001046394906169194,1.0,0.9761281096000001,0.7701257606,True,True,0.03482769901146825
132.off,Octopus,2002,4000,3,0.7075596648749333,0.024563007859471065,0.00017688991621873332,5.7814878937544395e-05,0.00897470739386538,0.0007155693437450905,1.0,0.30158226379999997,0.2694208019,True,True,0.02901366756685145
133.off,Octopus,2000,4000,3,0.9412797854633269,0.03046361333824451,0.00023531994636583173,0.0001047479549916704,0.0058455126814271514,0.0007140910300480505,1.0,0.8225518251,0.48193579329999997,True,True,0.03194488196895122
134.off,Octopus,2002,4000,3,1.137143971701303,0.030693763785318254,0.00028428599292532573,0.00014451626481095097,0.002478402525370697,0.0007290652719245835,1.0,0.7685587513,0.6191678817,True,True,0.0323322791458134
135.off,Octopus,2002,4000,3,1.6246466575090206,0.04380879282643289,0.00040616166437725513,0.00026087905731749384,0.006349952819173121,0.0009475096361186743,1.0,0.8317824708999999,0.802563969,True,True,0.039901941118425883
136.off,Octopus,2002,4000,3,0.9840014378900893,0.03345983497546134,0.00024600035947252235,0.00012374186502997115,0.0025694438579632758,0.0006435440397252039,1.0,0.806822361,0.5611912232,True,True,0.029588129809003227
137.off,Octopus,2002,4000,3,0.7083541937118206,0.020189270466913156,0.00017708854842795514,9.447620387277848e-05,0.003303903478181303,0.0005286680002717667,1.0,0.9746167291,0.5667898784000001,True,True,0.024714332889521653
138.off,Octopus,2002,4000,3,0.995048558337183,0.03904832317340499,0.00024876213958429576,0.00010958717620855043,0.003028989537939425,0.0007753104423507186,1.0,0.7213977362999999,0.6833114189,True,True,0.02967538952295477
139.off,Octopus,2002,4000,3,0.6545700158319931,0.01356945399969273,0.00016364250395799827,0.00011585018984225685,0.0015892246751346214,0.00040977309809257816,1.0,0.8957542059,0.3039486605,True,True,0.024715007875752794
140.off,Octopus,2002,4000,3,0.7113571731351787,0.017060430656063042,0.00017783929328379466,0.00011065314042823355,0.002586101855616656,0.00044004179072532654,1.0,0.9429694571,0.45259901040000006,True,True,0.025811144416456232
201.off,Plier,2002,3998,3,0.5118386985564841,0.010758051183678344,0.0001280236864823622,7.9893325181916e-05,0.006568305704404739,0.0004133286788600062,1.0,0.5682805473,0.097933251,False,False,0.01992313403133172
202.off,Plier,2001,3997,3,0.5303666626386472,0.011263068040708576,0.00013269118404769757,7.687417631655617e-05,0.0033710566017769207,0.00044537326297277983,1.0,0.6225417347,0.0993074139,False,False,0.020461058522064257
203.off,Plier,2002,4000,3,0.5592421726508072,0.012101845767606912,0.0001398105431627018,0.00012435868019362,0.006340332470026691,0.0005211673121896427,1.0,0.6879277722999999,0.1001598414,True,True,0.020288885314123813
204.off,Plier,2002,4000,3,0.44031009744172267,0.008656208175238989,0.00011007752436043067,7.109111339028454e-05,0.004744584861581818,0.0003572083124197433,1.0,0.5698049527,0.08777450249999999,True,True,0.019097682349236835
205.off,Plier,2002,4000,3,0.5256163413661061,0.011046731839367708,0.00013140408534152652,9.40336881322828e-05,0.004869710313424713,0.0003826046710722979,1.0,0.551275468,0.09757177280000001,True,True,0.020907029339455586
206.off,Plier,2002,4000,3,0.577098951240242,0.012500345512478106,0.0001442747378100605,0.00011095599757790036,0.00857149969121628,0.0005900055805993809,1.0,0.747516607,0.0989499288,True,True,0.021269032258428373
207.off,Plier,2002,4000,3,0.6030594782349512,0.013286376514030314,0.0001507648695587378,8.439892199155384e-05,0.012033705411915273,0.0005099067988193212,1.0,0.8254306925999999,0.094540885,True,True,0.021986911690443065
208.off,Plier,2001,3998,3,0.6505856476416596,0.014612432273088645,0.00016272777579831406,0.00010529085178825727,0.011382757966532571,0.000553808018944353,1.0,0.9248957393,0.1016345846,True,True,0.02297376443728441
209.off,Plier,2002,4000,3,0.6324664043962616,0.013989255036953266,0.00015811660109906538,0.00010046426744359134,0.01130077593643191,0.0005868761188282495,1.0,0.8803409546000001,0.1010906347,True,True,0.022327970307715096
210.off,Plier,2002,4000,3,0.5674312106808042,0.012221421465489407,0.00014185780267020104,7.071917099421766e-05,0.003416020351467331,0.00047120120612772446,1.0,0.7488058369,0.10115473059999999,True,True,0.02142657534365205
211.off,Plier,2002,4000,3,0.4924603411899383,0.009976912433249798,0.00012311508529748457,9.990508240312678e-05,0.008974303514246612,0.0005068002638182189,1.0,0.6534848548,0.08810124750000001,True,True,0.019342960556067344
212.off,Plier,2002,3999,3,0.40372886493222276,0.00789391419523391,0.00010095745559695493,8.170626974259859e-05,0.00702451822897787,0.0003277953970656095,1.0,0.44870895450000003,0.08879420739999999,False,False,0.01744289483794278
213.off,Plier,2002,4000,3,0.37508465554439646,0.006730784972721737,9.377116388609912e-05,6.767251816241907e-05,0.0021212303010955933,0.0002650668704128901,1.0,0.2607375432,0.0819859683,True,True,0.01719307046951956
214.off,Plier,2002,4000,3,0.40033263509209716,0.007472963551779219,0.00010008315877302429,9.75280364135921e-05,0.0036236268711349077,0.0002851804671049813,1.0,0.3133946484,0.0876712209,True,True,0.0174215069829823
215.off,Plier,2001,3998,3,0.4388909515392831,0.008465322234531083,0.00010977762669816986,6.328773280851445e-05,0.003372769108364542,0.00035866329917175275,1.0,0.36612640669999996,0.0913671975,True,True,0.01836478621166271
216.off,Plier,2002,4000,3,0.4534105119771009,0.008875799635046167,0.00011335262799427523,9.011555395720464e-05,0.005096810927354282,0.0003861385384003016,1.0,0.4094064054,0.0927157161,True,True,0.018771256092721185
217.off,Plier,2002,4000,3,0.5704246027415207,0.012161079969079617,0.00014260615068538017,9.333338285327311e-05,0.015382743841944787,0.0005124804020090669,1.0,0.6486828410000001,0.09313952240000001,True,True,0.021320041250770687
218.off,Plier,2001,3998,3,0.6612413608649934,0.01472936833623235,0.00016539303673461565,4.484800486966871e-05,0.005963157466150507,0.0005266786991511007,1.0,0.77410561,0.10204281470000001,True,True,0.023085807575165658
219.off,Plier,2002,4000,3,0.5478263433252579,0.010565302332172004,0.00013695658583131448,0.00011862216267979271,0.009831248926593608,0.00048741849750016876,1.0,0.9467935438999999,0.0942556038,False,False,0.020316508145711343
220.off,Plier,2002,4000,3,0.543812397789664,0.010362227195937851,0.00013595309944741598,0.00010371421484560176,0.01901910092176433,0.000576853174115436,1.0,0.8252924752999999,0.0932273553,True,True,0.02016608144127269
141.off,Table,2002,4000,3,1.7906284867465874,0.029473294580152097,0.00044765712168664683,6.231394593847134e-05,0.6073859096246615,0.005069578242135142,1.0,0.6537880108,0.527256732,True,True,0.029895782367532903
142.off,Table,2002,4000,3,0.9836781347834556,0.01092539886159924,0.0002459195336958639,8.689922722301454e-05,0.3389986558652489,0.0036807459738968235,1.0,0.5102875162,0.1576137123,True,True,0.02090796478746022
143.off,Table,1985,3950,3,1.028461316961393,0.010296202233989617,0.00026036995366111214,8.180736785510902e-05,0.17475504919790122,0.0024210587781690845,1.0,0.5080537350000001,0.15782109490000001,False,False,0.022413077647300616
144.off,Table,1991,3976,3,1.728517364533893,0.020373581440942083,0.0004347377677399127,7.819183063646903e-05,0.5892068895390278,0.006012580419041045,1.0,0.82195208,0.22907576759999998,False,False,0.02461905005102139
145.off,Table,2002,3999,3,2.171534022089267,0.044476936007314505,0.0005430192603374011,0.0001328378460437931,0.6443363195619454,0.007511071708474699,1.0,0.9959345564,0.7949016021,False,False,0.03388463131928063
146.off,Table,2001,3998,3,2.440281277736919,0.07027567770577167,0.0006103755071878237,0.00018665265979657148,0.20090741240529275,0.005573840072603577,1.0,0.9977556607,0.6805273497,True,True,0.042286033459540136
147.off,Table,2002,4000,3,1.9747467800879548,0.055131385555195506,0.0004936866950219887,7.416102821125725e-05,0.6713010539273616,0.009042399825611069,1.0,0.9996792379,0.4549235442,True,True,0.02926401915652243
148.off,Table,2001,3998,3,1.9997806536982792,0.0417018432006025,0.0005001952610550973,0.00010522617931109902,0.667350641175242,0.009285032875477321,1.0,0.9993450438,0.3031726397,True,True,0.031404299769209706
149.off,Table,1999,3994,3,1.9368343695038959,0.03967341743060461,0.0004849359963705298,9.691507498214624e-05,0.6930758633468223,0.007994022119654767,1.0,0.9997712374000001,0.30151466520000003,True,True,0.026265370259459443
150.off,Table,2001,3998,3,1.6256347348017828,0.029349095877349157,0.00040661198969529336,0.00011018853946386108,0.39945799224608797,0.007877061861038464,1.0,0.8135404761,0.8129246717,True,True,0.030248436267710736
151.off,Table,2002,4000,3,1.7163352304446622,0.03286540707587835,0.0004290838076111655,0.00011814739192998253,0.524710831424913,0.007104762544675689,1.0,0.99994565,0.3612212107,True,True,0.028397817870372308
152.off,Table,1971,3753,3,1.450830922146244,0.019199661352750252,0.0003865789827194895,8.11534549792232e-05,0.29789512066097135,0.005187409421884058,1.0,0.4375219213,0.3978495317,False,False,0.05245404764959008
153.off,Table,2001,3998,3,1.8267025511130834,0.029797918230648042,0.0004569040898231825,5.3199688883926753e-05,0.6592351385394987,0.00577343651467063,1.0,0.7449128016,0.3552383039,True,True,0.027372460136166718
154.off,Table,2001,3998,3,1.4375112488014457,0.029798712106470088,0.00035955759099585933,0.00013295355561963602,0.0047727047554386864,0.0012231135452433865,1.0,0.9980555757,0.3338918924,True,True,0.03440886305197032
155.off,Table,2002,4000,3,1.645244213552143,0.027626272937828922,0.0004113110533880358,8.191399547863908e-05,0.5031262578828037,0.005134950166165733,1.0,0.7491737158,0.49225644430000004,True,True,0.029618187976735617
156.off,Table,2002,4000,3,1.2251528732002956,0.01715543967157109,0.0003062882183000739,8.818270468666304e-05,0.40347428785934986,0.006265170869232085,1.0,0.5220945218999999,0.443302511,True,True,0.020410331278690904
157.off,Table,2002,4000,3,1.9562514315509754,0.04667425046569755,0.0004890628578877439,7.055503496315019e-05,0.6916550643937761,0.009165664199693167,1.0,0.9994529247999999,0.4024710166,True,True,0.028294644612190424
158.off,Table,1995,3981,3,2.321062620707618,0.04554344529193836,0.0005830350717678016,0.000132493430744616,0.6313870328496435,0.007689379642063793,1.0,0.9984270834,0.9070791060999999,False,False,0.03910807535990092
159.off,Table,2002,4000,3,2.1421003299480854,0.03773671767771013,0.0005355250824870214,8.76018978974139e-05,0.7417602898177658,0.010468445879883168,1.0,0.8949646035000001,0.4326997406,True,True,0.029879859162006098
160.off,Table,1975,3835,3,1.4338959260840685,0.012013461325545928,0.000373897242785937,7.872580590720664e-05,0.3818254382276582,0.0043526777066491525,1.0,0.7176822875,0.3152185555,False,False,0.06156885398606171
161.off,Teddy,2002,4000,3,1.5883308368190778,0.10092535601539757,0.00039708270920476945,0.00020994177572479064,0.004367380815219769,0.0010996373082045729,1.0,0.8097029559,0.38505790419999997,True,True,0.03438932649443436
162.off,Teddy,2002,4000,3,1.1320774864986294,0.06382312352443162,0.00028301937162465734,0.00012497695539653625,0.0058957541611724985,0.0007173400521139534,1.0,0.5950763134,0.3993468771,True,True,0.028960540801475056
163.off,Teddy,2000,4000,3,1.2141211445977182,0.06852726239076287,0.00030353028614942955,0.0001118717143876701,0.0031423198866304385,0.0008103149575077899,1.0,0.6554503597000001,0.3792421145,False,False,0.030006287522928585
164.off,Teddy,2001,3998,3,1.5488474868926674,0.09852799970470805,0.00038740557451042205,0.00020464835688948735,0.002934388549441445,0.0009804863757514968,1.0,0.761776098,0.4301908487,True,True,0.03420111799479355
165.off,Teddy,2002,4000,3,1.157515460212364,0.06486382988738726,0.00028937886505309103,0.0001586066810110911,0.003579901960858722,0.000735187825035604,1.0,0.5868156714999999,0.3474320063,True,True,0.029246485592536706
166.off,Teddy,2002,4000,3,1.260424678615534,0.07132042103248122,0.0003151061696538835,0.00017548120702062263,0.0051647867285383375,0.000874019030672385,1.0,0.6943414864999999,0.44070281570000003,True,True,0.03055396532295445
167.off,Teddy,2002,4000,3,1.3750825966605713,0.08065056432092939,0.00034377064916514283,0.00022556565386912464,0.003075378225628508,0.0009035430214768356,1.0,0.6913180365,0.5448104632999999,True,True,0.03221737784002423
168.off,Teddy,2002,4000,3,1.2118723973243826,0.06938315246108984,0.0003029680993310956,0.0001720282029986988,0.0021874542675638037,0.0007298778478559847,1.0,0.6554593597,0.3653977211,True,True,0.0301505655139431
169.off,Teddy,2002,4000,3,1.3655383157538705,0.0755505387660848,0.0003413845789384676,0.00017300045027433984,0.002868937623491284,0.000790187854417168,1.0,0.8671315335,0.3337439567,True,True,0.03267717716770148
170.off,Teddy,2001,3998,3,1.3333286260359445,0.07331486060028686,0.0003334989059619671,0.0001658358069551592,0.007389969914619593,0.0009616836544385534,1.0,0.8710184727,0.3309990838,True,True,0.0323878773686145
171.off,Teddy,2002,4000,3,1.1560507578943617,0.05898228839653927,0.0002890126894735904,9.83794601131719e-05,0.0023214519978604995,0.0007548516059807974,1.0,0.5707965524,0.4660095185,True,True,0.029686279181590246
172.off,Teddy,2001,3998,3,1.139638097647445,0.06497499775825635,0.0002850520504370798,0.00012156333868841155,0.004417074270474448,0.0007667944690142091,1.0,0.5310070399,0.39341635939999997,True,True,0.02904731345011558
173.off,Teddy,2002,4000,3,1.369164668141385,0.07935691282758944,0.0003422911670353462,0.0001978961261218964,0.006064838920706862,0.0008798651549247828,1.0,0.5286829698,0.5054315775,True,True,0.03219551392005776
174.off,Teddy,2002,4000,3,1.0801012646836377,0.05461443752301,0.0002700253161709094,0.00013935502471445018,0.0025269724799142773,0.0006762530319927184,1.0,0.738401024,0.4303740834,True,True,0.028564269652261685
175.off,Teddy,2002,4000,3,1.1333343114648726,0.061425054169626986,0.0002833335778662182,0.00015532521561271762,0.002087722137116981,0.0007101783660900884,1.0,0.6048787796999999,0.3592238322,True,True,0.02902590020146901
176.off,Teddy,2002,3999,3,1.6911877519486382,0.10463276102059234,0.00042290266365307283,0.0001899583751679861,0.005121157489837747,0.0011215540949842254,1.0,0.8379469855,0.5695287547000001,False,False,0.035997480388244574
177.off,Teddy,2002,4000,3,1.3308221605897037,0.07456796127804546,0.00033270554014742595,0.00013362367956089928,0.004112444942339872,0.000864733598565153,1.0,0.6929227437000001,0.4821233027,True,True,0.031890129640529466
178.off,Teddy,2002,4000,3,1.3440496683746028,0.07950701094376042,0.0003360124170936507,0.00013740217500911536,0.0026518609730118107,0.0008634991319754176,1.0,0.6851425456,0.4690174956,True,True,0.03211921669754587
179.off,Teddy,2002,4000,3,1.4485080875643717,0.0863509835597043,0.0003621270218910929,0.00017081392723154292,0.00513386022892013,0.0009200708786136615,1.0,0.7435782451,0.5150951124,True,True,0.03278791392421019
180.off,Teddy,2002,4000,3,1.0945654847046509,0.058190581884328185,0.0002736413711761627,0.0001653606351552765,0.004504782714631066,0.0007392739890780876,1.0,0.6682482614,0.31511006669999997,True,True,0.028779022239322254
361.off,Vase,1990,3996,3,1.4434034213442857,0.0688250645754714,0.0003612120674034749,7.51112168799083e-05,0.017166329232495427,0.0011753650901021062,1.0,0.5065616972,0.4919797604,True,True,0.03392241946868914
362.off,Vase,1999,3998,3,1.3369124377541066,0.06525847170054208,0.0003343953070920727,0.00010658048056661236,0.014235148883334454,0.00107491087794214,1.0,0.5232872868,0.5215849107999999,True,True,0.031409861100420995
363.off,Vase,2001,3998,3,0.8006211004421828,0.04575232967451863,0.00020025540281195167,0.0001253993395066839,0.00184894799434683,0.00048773683127606985,1.0,0.36711085379999997,0.36107825660000004,True,True,0.02463283547977131
364.off,Vase,1996,3996,3,1.6284122448408267,0.08041565407784786,0.00040751057178198865,0.0001189238292556997,0.022735045053011826,0.0017606502457539071,1.0,0.7409588397,0.6532223516,True,True,0.03549067859533125
365.off,Vase,1999,3998,3,2.675821876905542,0.3215367703201252,0.0006692901142835272,0.00026760654341501046,0.03615706820927804,0.0027458166898900035,1.0,0.993149803,0.7425510754,True,True,0.04431856332092458
366.off,Vase,2000,4000,3,1.3337957841545487,0.09409305154219283,0.00033344894603863715,0.0001398953662993054,0.00240621805196893,0.0008180831333019034,1.0,0.5407248010000001,0.5000429486,True,True,0.031144208871185294
367.off,Vase,2000,4000,3,1.2936475636308757,0.10803461593076531,0.0003234118909077189,0.00023886369422685476,0.010867130753257508,0.0011002714865435872,1.0,0.642405624,0.5063112271,True,True,0.02898798282033418
368.off,Vase,2002,4000,3,1.6082533450626684,0.1542739171925304,0.0004020633362656671,0.00022583498883661915,0.004686886946843384,0.0010732701434643997,1.0,0.7031018689999999,0.6369283741,True,True,0.03490185366550232
369.off,Vase,1999,3998,3,1.826396442266787,0.16658378163675774,0.0004568275243288612,0.00014285832671264196,0.010118111098416977,0.001419428000248578,1.0,0.6510544698,0.6477083151,True,True,0.03626590105217142
370.off,Vase,2002,4000,3,1.4823269011731979,0.13576559388655096,0.00037058172529329947,0.00023553778639134873,0.00289868161073044,0.0009053631939697625,1.0,0.6099039398,0.6081497888,True,True,0.03282918818132661
371.off,Vase,2002,4000,3,1.7544188561902465,0.17558577376610354,0.00043860471404756163,0.00018291229396848524,0.012591636697879301,0.0013155800617382395,1.0,0.6605956131999999,0.6591137462000001,True,True,0.036046021013538605
372.off,Vase,2000,4000,3,1.460482977082286,0.11675218263785637,0.0003651207442705715,0.00012722658849697384,0.010613850485753699,0.0013266505249551425,1.0,0.7897915733,0.5192304152,True,True,0.033327095199186973
373.off,Vase,2000,4000,3,1.1109806454123552,0.07194848689285382,0.0002777451613530888,7.705087571594693e-05,0.0031225313027492827,0.0007412117041655206,1.0,0.42399943279999996,0.422729997,True,True,0.028392837389476323
374.off,Vase,1997,3994,3,0.9963046919819617,0.05277196179888364,0.0002494503485182678,5.728878836948867e-05,0.0022446802866629163,0.000700327323887559,1.0,0.3515946957,0.3514941419,True,True,0.027251227629118503
375.off,Vase,2001,3998,3,0.9173294877184013,0.04950444598951718,0.00022944709547733898,6.275428046811536e-05,0.008737987162144965,0.0009763583116647049,1.0,0.5904928217000001,0.35040745240000004,True,True,0.026193790986036355
376.off,Vase,2001,3998,3,1.5522639035178392,0.10995460991145618,0.000388260105932426,0.0001412036590301654,0.022545617216698788,0.001843766949321037,1.0,0.7797945045000001,0.3821692213,True,True,0.03466346082197924
377.off,Vase,1998,4000,3,1.2210859028137904,0.08232203172596522,0.0003052714757034476,5.211967863035171e-05,0.004362327766449861,0.0010461471118308457,1.0,0.6331355779000001,0.3914932685,True,True,0.029922127190909142
378.off,Vase,2000,4000,3,1.6293580112369248,0.13065776184965128,0.0004073395028092312,0.00017006901794554616,0.007369380898531723,0.0014031433658262032,1.0,0.8961208818999999,0.5393415839,True,True,0.03427441049731454
379.off,Vase,2002,4000,3,1.2749815709654908,0.10681050386649067,0.0003187453927413727,0.00018457328030297633,0.007621114385224303,0.0011921197295763591,1.0,0.6394853704,0.5055438296,True,True,0.02918950626166937
380.off,Vase,2000,3996,3,1.9627668513204548,0.10402239321859504,0.0004911828957258396,0.00018835295930893478,0.11401625581116674,0.0029352242177267808,1.0,0.7084290948,0.5396431935,True,True,0.037531814713059636
